SMILES,docking_score_0,docking_score_1,docking_score_2,docking_score_3,docking_score_4,docking_score_5,docking_score_6,docking_score_7,docking_score_8,docking_score_9,compound_id,activity,fusion_score_0,fusion_score_1,fusion_score_2,fusion_score_3,fusion_score_4,fusion_score_5,fusion_score_6,fusion_score_7,fusion_score_8,fusion_score_9
O=C(NCCc1c[nH]c2ccccc12)c1cc(S(=O)(=O)N2CCCCC2)ccc1N1CCOCC1,-8.2,-8.2,-8.1,-8.1,-8.1,-8.1,-8.1,-8.0,-8.0,-7.8,enamine-Z26394334,0.0,5.192770004,4.942516804,5.024595261,5.145718098,5.423285484,5.318591118,5.253534794,5.165364742,4.969382763,5.011507034
COc1cccc(OCc2nnc(SCC(=O)Nc3ccc4c(c3)OCO4)n2CCc2ccccc2)c1,-7.5,-7.5,-7.5,-7.3,-7.3,-7.2,-7.1,-7.1,-7.1,-7.1,emolecules-6482203,0.0,5.183121204,5.138161659,5.180452824,5.224425316,5.147464752,5.430844784,5.167836189,5.148389339,5.177489281,5.183395386
O=C(Cc1ccc2ccccc2c1)N1CCC(C2CCCNC2)CC1,-7.5,-7.5,-7.4,-7.3,-7.2,-7.1,-7.0,-7.0,-7.0,-7.0,enamine-Z2594007669,0.0,4.900865555,4.91620636,4.749224663,4.893169403,4.98860836,4.919268131,4.952207088,4.813211441,4.964514732,5.035970211
COc1ccc(CN(CC2CCCO2)C(=O)c2ccccc2F)cc1OS(=O)(=O)c1ccc(F)cc1,-8.0,-7.9,-7.9,-7.8,-7.5,-7.5,-7.5,-7.4,-7.4,-7.4,emolecules-32350115,0.0,5.40682888,5.193017483,5.14142561,5.165905952,5.14125061,5.435624123,5.399415493,5.141233921,5.37679863,5.160123825
COc1ccc(-c2nnc(SCC(=O)N/N=C/c3c(OC)cc(OC)cc3OC)n2-c2ccc(OC)cc2)cc1,-7.7,-7.7,-7.7,-7.4,-7.3,-7.2,-7.2,-7.1,-7.1,-7.1,emolecules-207264829,0.0,5.354212761,5.142069817,5.138318539,5.17061615,5.325253487,5.212996483,5.301215172,5.273800373,5.344110012,5.288681984
O=C(Nc1ccc2[nH]c(=O)[nH]c2c1)c1cc(S(=O)(=O)N2CCCCC2)ccc1N1CCOCC1,-8.4,-8.4,-8.0,-7.8,-7.8,-7.7,-7.7,-7.6,-7.5,-7.4,enamine-Z26793274,0.0,5.090952873,5.269806862,5.203020573,5.105340481,5.222175121,5.194767475,5.102608204,5.089226723,5.087512493,4.98408556
CCCn1cc(C(=O)NCCNc2nc(C)nc(N(C)C)n2)nn1,-7.2,-6.9,-6.7,-6.6,-6.5,-6.3,-6.3,-6.3,-6.2,-6.2,enamine-PV-000611254188,0.0,4.502139091,4.271010399,4.246249676,4.594713688,4.500996113,4.343958855,4.254035473,4.25421524,4.338179588,4.342823505
CN(C)S(=O)(=O)c1cccc(C(=O)C2=C([O-])C(=O)N(CCC[NH+]3CCOCC3)C2c2ccc(OCc3ccccc3)cc2)c1,-7.9,-7.9,-7.8,-7.6,-7.5,-7.5,-7.5,-7.4,-7.3,-7.3,emolecules-9840034,0.0,5.614688396,5.633106709,5.617882729,5.538416386,5.390452385,5.413106918,5.618597507,5.489953041,5.501590252,5.611599445
CCOP(=O)(OCC)C(O)[C@H](CCC(=O)N1CCOc2ccccc2C1)NC(=O)[C@H](CC1CCCCC1)NC(=O)OC1CCN(S(C)(=O)=O)CC1,-5.5,-5.4,-5.4,-5.3,-5.3,-5.2,-5.1,-5.1,-5.1,-5.0,GoStar-gvk_125563816,0.0,5.138384819,4.786456585,4.666072845,4.679684162,4.840766907,4.806024551,4.825166702,4.61892271,4.766938686,4.570880413
CC1C[C@H](NC(=O)[C@H](CC2CCCCC2)NC(=O)OCc2cccc(Cl)c2)C(O)N(CCc2ccccc2)C1=O,-8.2,-8.0,-8.0,-7.7,-7.7,-7.7,-7.7,-7.7,-7.7,-7.6,GoStar-gvk_125563792,0.0,5.226419449,5.232899666,5.226345062,5.277534485,5.272363663,5.27604723,5.307852745,5.194717407,5.294118404,5.232609749
CCOP(=O)(OCC)C(O)[C@H](CCC(=O)N(C)C1(Cc2ccccc2)CC1)NC(=O)[C@H](CC1CCCCC1)NC(=O)OCc1cccc(Cl)c1,-6.8,-6.8,-6.7,-6.7,-6.6,-6.6,-6.5,-6.5,-6.5,-6.4,GoStar-gvk_125563793,0.0,4.972342968,4.531538486,4.609733582,4.674348354,4.909334183,4.713449955,4.669250488,5.04360342,4.599964619,4.966546059
O=C[C@H](CC1CCN(CCc2ccccc2)C1=O)NC(=O)[C@H](CC1CCCCC1)NC(=O)OCc1cccc(Cl)c1,-8.2,-8.1,-8.0,-8.0,-8.0,-8.0,-7.9,-7.8,-7.8,-7.8,GoStar-gvk_125563815,0.0,5.279723167,5.278794289,5.265965939,5.401817799,5.208542824,5.360557556,5.251737595,5.26151228,5.270675182,5.372754574
Cc1c(NC(=O)N2CCSCC(F)(F)C2)cnc2[nH]ccc12,-7.7,-6.9,-6.9,-6.8,-6.8,-6.8,-6.7,-6.6,-6.6,-6.5,enamine-Z4419052725,0.0,4.949888706,4.756558418,5.123745441,5.002026081,5.135006905,4.918017864,5.061145306,5.016758442,4.923558712,4.961678505
CC1CNc2c(cccc2S(=O)(=O)N[C@@H](CCCNC(=N)N)C(=O)N2CC[C@@H](C)C[C@@H]2C(=O)O)C1,-8.1,-7.8,-7.8,-7.5,-7.4,-7.4,-7.3,-7.3,-7.3,-7.3,world_drugs-ZINC000003807172,0.0,4.506005764,4.397947788,4.468485355,4.407541752,4.39265728,4.457443714,4.516910076,4.523290157,4.378499985,4.575538635
COC(=O)c1cc(S(=O)(=O)N2CCCC(NS(=O)(=O)c3cccc(F)c3)C2)on1,-7.6,-7.5,-7.4,-7.4,-7.4,-7.3,-7.3,-7.3,-7.2,-7.2,enamine-PV-001933411690,0.0,4.467635155,4.304500103,4.469138145,4.46208334,4.369566917,4.407597542,4.375025272,4.444900513,4.422698975,4.404218197
Cc1ccc2c(c1)CN(C(=O)C1CC(F)(F)C1)C(C)(C)C2,-7.2,-7.2,-7.0,-7.0,-7.0,-6.8,-6.5,-6.5,-6.5,-6.5,enamine-Z2232182427,0.0,4.944417477,4.926017761,4.561221123,4.839756012,4.67721796,5.027209282,4.937416077,4.764464855,4.64990139,4.818125248
Cc1cc(NC(=O)C2=C(O)c3ccccc3S(=O)(=O)N2C)no1,-7.3,-7.2,-7.2,-7.1,-7.0,-6.9,-6.8,-6.8,-6.7,-6.6,world_drugs-ZINC000049538599,0.0,4.340893745,4.405917168,4.326451778,4.292455673,4.315991879,4.278947353,4.389651775,4.338282108,4.389759064,4.260383606
c1ccc(-c2cc(-c3nn4c(C56CC7CC(CC(C7)C5)C6)nnc4s3)c3ccccc3n2)cc1,-10.5,-9.9,-9.9,-9.9,-9.8,-9.7,-9.7,-9.6,-9.6,-9.6,emolecules-44233376,0.0,5.196673393,5.09758091,5.341619968,5.281318188,5.15956974,5.254765034,5.284723759,5.139088154,5.266129017,5.155939579
COCCN(C(C)=O)c1nc(COC(=O)C2(n3cnnn3)CC2)cs1,-6.7,-6.2,-6.2,-6.1,-6.1,-6.1,-6.1,-6.0,-6.0,-6.0,enamine-Z2589478172,0.0,4.544173717,4.131180763,4.506830692,4.200666428,4.470364571,4.367343426,4.281626225,4.382609844,4.430465698,4.479083538
Cc1cc(-c2ccc(C)c(S(=O)(=O)N(CC[NH+]3CCOCC3)Cc3ccco3)c2)on1,-7.7,-7.7,-7.6,-7.6,-7.6,-7.6,-7.5,-7.4,-7.3,-7.2,emolecules-16261129,0.0,4.375724792,4.181081772,4.345694065,4.357437134,4.410364628,4.332092285,4.294969082,4.36159277,4.404000759,4.312669277
O=C1OC(C(=O)NCCc2cn3c(n2)SCC3)Cc2cccc(Cl)c21,-7.3,-7.2,-7.0,-6.9,-6.9,-6.8,-6.7,-6.7,-6.6,-6.6,enamine-Z4076484644,0.0,5.185367584,5.059826374,4.644818306,5.072430611,4.698977947,4.767332077,4.751495838,4.619122982,4.887600899,5.159411907
CC(C)C1CN(C(=O)OC(C)(C)C)CCN1S(=O)(=O)c1cc(C(F)(F)F)nn1C,-6.7,-6.7,-6.6,-6.6,-6.5,-6.5,-6.5,-6.5,-6.4,-6.4,enamine-PV-001937874824,0.0,4.243142605,4.393760681,4.405101299,4.328295231,4.431688309,4.375333309,4.312933922,4.308603764,4.262647152,4.29419899
O=C(CSc1nnnn1-c1ccccc1)Nc1cccc(C(=O)Nc2cccc(C(F)(F)F)c2)c1,-9.0,-8.8,-8.2,-8.0,-7.9,-7.9,-7.9,-7.7,-7.6,-7.6,enamine-Z19656641,0.0,5.048896313,5.333737373,5.174559116,5.322260857,5.226514816,5.252497673,5.161276817,5.165736198,5.144244671,5.153309822
CCOc1ccc(CCNC(=O)CN2C(=O)NC(C)(c3ccc(C)cc3)C2=O)cc1OCC,-7.5,-6.9,-6.9,-6.8,-6.8,-6.8,-6.8,-6.8,-6.7,-6.6,emolecules-3156018,0.0,5.185306072,5.201257229,5.369715691,5.092498302,5.253988743,5.168795586,5.256925106,5.207785606,5.394394875,5.110882282
O=C(c1ccccc1[N+](=O)[O-])n1[nH]c(=NCc2cccc3ccccc23)[nH]c1=NCc1cccc2ccccc12,-8.7,-8.5,-8.5,-8.5,-8.4,-8.3,-8.1,-7.9,-7.9,-7.9,emolecules-6102630,0.0,5.407298565,5.506010532,5.212452888,5.329092026,5.313736916,5.520925045,5.309706688,5.456225395,5.414998531,5.19156599
Cc1sc2ncn(CC(=O)NCCC[NH+]3CC(C)CC(C)C3)c(=O)c2c1S(=O)(=O)N1CCC(C)CC1,-6.8,-6.8,-6.6,-6.4,-6.4,-6.4,-6.4,-6.3,-6.3,-6.3,emolecules-6868180,0.0,4.507814884,4.581480503,4.516125202,4.394616604,4.545491695,4.458959579,4.558442116,4.425363541,4.580429554,4.431753159
CCCN(CCC)C(=O)Cn1c(=O)n(-c2ccc(C)cc2)c(=O)c2ccc(C(=O)NCc3ccco3)cc21,-6.9,-6.7,-6.7,-6.7,-6.7,-6.6,-6.6,-6.6,-6.5,-6.5,emolecules-16012292,0.0,5.198156357,5.294258118,5.292030334,5.252686977,5.23269701,5.16767931,5.249413967,5.264508247,5.200039387,5.196423531
CC1COc2c(N3CCN(C)CC3)c(F)cc3c(=O)c(C(=O)O)cn1c23,-7.6,-7.4,-7.3,-7.2,-7.1,-6.9,-6.9,-6.8,-6.7,-6.6,world_drugs-ZINC000000537891,0.0,5.136269093,4.961730003,5.003960133,4.951603413,4.93720293,5.025990009,5.101756573,5.109988213,5.017183781,5.13908577
Cc1ccc(CNC(=O)c2nnc(COC(=O)c3cc([N+](=O)[O-])ccc3N3CCOCC3)s2)cc1,-8.0,-8.0,-7.9,-7.9,-7.9,-7.8,-7.8,-7.8,-7.8,-7.7,enamine-Z335429494,0.0,4.447103024,4.730257034,5.030347347,5.010379791,4.459011078,5.141361237,4.570433617,5.076169014,4.968498707,4.595047951
C#C[C@]1(O)CC[C@H]2[C@@H]3CCc4cc(OC)ccc4[C@H]3CC[C@@]21C,-7.0,-6.5,-6.4,-6.3,-6.3,-6.2,-6.2,-6.1,-6.1,-6.1,world_drugs-ZINC000003815424,0.0,5.066939354,4.954519749,4.715815067,4.99023819,4.934246063,4.921417713,4.917452812,4.883170128,4.99592638,4.88760519
CCCN(CCC)S(=O)(=O)c1ccc(C(=O)/N=c2\sc3cc(OC)ccc3n2CCOC)cc1,-6.2,-6.2,-6.2,-6.1,-6.1,-6.0,-6.0,-6.0,-6.0,-5.9,emolecules-26451654,0.0,5.077240944,4.630389214,4.490315437,5.097540855,4.813316345,5.044744492,4.642267704,4.993963718,4.59688139,4.546269417
CCCCOc1ccc(/C([O-])=C2\C(=O)C(=O)N(CCC[NH+]3CCOCC3)C2c2cc(OC)c(OC)c(OC)c2)cc1C,-7.5,-7.4,-7.3,-7.3,-7.1,-7.1,-7.0,-6.9,-6.9,-6.8,emolecules-46536758,0.0,5.426275253,5.348221779,5.347375393,5.381958961,5.378242016,5.346970558,5.392904758,5.356989384,5.442848206,5.396261215
O=S(=O)(c1ccc2ccccc2c1)N1CCS(=O)(=O)C2(CCCCC2)C1,-8.0,-7.8,-7.6,-7.6,-7.5,-7.5,-7.5,-7.5,-7.5,-7.4,enamine-Z1378524433,0.0,5.128125668,4.91590023,4.943356037,5.037271976,4.94875145,5.247779369,5.238278389,5.058742523,4.895897388,4.957946301
CC(C)n1ncc2cc(NC(=O)CCn3c(=O)oc4cc(S(=O)(=O)N5CCCC5)ccc43)cnc21,-8.3,-8.0,-7.7,-7.5,-7.3,-7.3,-7.3,-7.1,-7.1,-7.1,enamine-Z146331414,0.0,4.925755501,5.12886858,5.059019089,5.229310513,5.021341324,5.071777344,5.134924889,5.014734268,5.08737278,4.907492638
COc1ccc(CCNc2ccc(C(=O)NCCCN3CCCC3=O)cc2S(=O)(=O)Nc2cccc(C(F)(F)F)c2)cc1OC,-7.2,-7.2,-7.2,-7.2,-7.1,-7.1,-7.1,-7.1,-7.0,-7.0,emolecules-24433447,0.0,5.370619297,5.555665016,5.705140114,5.427065849,5.532479763,5.457708836,5.520944118,5.397520065,5.412096024,5.545550823
CCCCn1c(=O)c(CCC(=O)OCC(=O)NC23CC4CC(CC(C4)C2)C3)nc2ccccc21,-8.2,-8.1,-8.0,-7.9,-7.6,-7.6,-7.5,-7.4,-7.4,-7.4,enamine-Z16329145,0.0,5.164755821,5.183581352,5.206524849,5.187705517,5.272577763,5.292656422,5.177053928,5.282158852,5.085020542,5.151173592
Cc1c(C)c(S(=O)(=O)NC(=N)NCCCC[C@H](NC(=O)OCC2c3ccccc3-c3ccccc32)C(=O)O)c(C)c2c1OC(C)(C)C2,-9.3,-9.2,-9.2,-9.1,-8.8,-8.7,-8.7,-8.5,-8.5,-8.5,emolecules-27283007,0.0,5.102986336,5.019628048,5.313716888,5.232894897,5.363527298,5.490076542,5.415842056,5.577983856,5.358201504,5.211146355
CCCN(CC(=O)Nc1ccccc1C)C(=O)C1CCN(c2ncnc3sc(C)c(C)c23)CC1,-7.3,-7.3,-7.0,-6.9,-6.8,-6.8,-6.8,-6.7,-6.7,-6.6,enamine-Z80260402,0.0,5.222756386,5.105475426,5.230326653,5.233304977,5.162416935,5.265706062,5.298212051,5.245412827,5.192043781,5.191196442
COc1cc(Cl)c2[nH]c(C(=O)N[C@@H](CC3CC3)C(=O)N[C@H](C#N)C[C@@H]3CCNC3=O)cc2c1,-8.2,-8.1,-7.3,-7.2,-7.1,-7.1,-7.0,-7.0,-6.9,-6.9,GoStar-gvk_125436186,5.698970004,5.159305573,5.127915859,5.305307388,5.18686676,5.078359127,5.100137711,5.130402565,5.133023262,5.02089262,5.095953941
Cc1ccncc1NC(=O)Cc1cccc(Br)c1,-6.0,-5.7,-5.6,-5.6,-5.5,-5.4,-5.4,-5.4,-5.3,-5.3,PostEra-JAN-GHE-83b26c96-12,4.686260471,4.621329308,4.849760532,4.759718418,4.838559628,4.93708086,4.915968418,4.969258785,4.789390087,4.768490791,4.891354084
CC(C)C[C@H](NC(=O)OC(C)Cc1ccccc1)C(=O)N[C@H](C=O)C[C@@H]1CCNC1=O,-7.1,-7.0,-7.0,-7.0,-6.9,-6.9,-6.8,-6.7,-6.7,-6.6,GoStar-gvk_125563827,6.815308569,4.556793213,4.56919241,4.554671764,4.387817383,4.495670319,4.58508873,4.560674191,4.540320396,4.503852844,4.480372906
CC1(C)C[C@@H](C[C@@H](C#N)NC(=O)[C@@H]2CC3(CCCCC3)CN2C(=O)[C@@H](NC(=O)C(F)(F)F)C(C)(C)C)C(=O)N1,-8.1,-8.0,-7.9,-7.9,-7.7,-7.5,-7.5,-7.5,-7.4,-7.4,GoStar-gvk_125493447,5.698970004,5.049671173,5.208485126,5.359819889,5.199140072,5.25816679,4.959132195,5.321797371,5.25164175,5.599884033,4.46525383
CNC(=O)C1(N2Cc3ccc(Cl)cc3C3(CCN(c4cncc5ccccc45)C3=O)C2)CC1,-8.7,-8.1,-8.1,-7.9,-7.5,-7.5,-7.4,-7.4,-7.2,-7.1,PostEra-ALP-POS-ecbed2ba-7,7.13537349,5.238801479,5.122865677,5.064153194,5.0513134,5.102903843,5.125026703,5.061608315,5.119486332,5.194043159,5.138740063
N#C[C@H](C[C@@H]1CCNC1=O)NC(=O)C1CC2(CCCCC2)CN1C(=O)c1cc2cccc(Cl)c2[nH]1,-8.3,-8.2,-8.1,-8.1,-8.0,-7.9,-7.9,-7.8,-7.7,-7.6,GoStar-gvk_125436475,5.349485002,5.237419605,5.314682961,5.217188358,5.248374939,5.17713213,5.149207115,5.255436897,5.136061192,5.141614914,5.238061428
O=C1N(c2cncc3ccccc23)CCC[C@@]12CCOc1ccc(Cl)cc12,-8.3,-8.1,-8.0,-7.9,-7.8,-7.8,-7.7,-7.6,-7.6,-7.5,PostEra-MAT-POS-e20a5dfb-2,6.438163866,5.21829319,5.025578022,5.227263927,4.967118263,5.11694479,4.987260342,4.99830389,4.982199669,5.095448971,5.30907011
CNC(=O)c1ccc2cncc(NC(=O)C3CN(S(=O)(=O)CC4(C#N)CC4)Cc4ccc(Cl)cc43)c2c1,-8.2,-8.0,-7.9,-7.8,-7.8,-7.6,-7.6,-7.5,-7.5,-7.5,PostEra-EDJ-MED-378a25ea-2,6.936971963,5.275848866,5.229072571,5.249118805,5.150785446,5.253833771,5.412765503,5.425795078,5.18307972,5.258861542,5.416354179
CN(C)[C@@H]1C(O)=C(C(N)=O)C(=O)[C@@]2(O)C(O)=C3C(=O)c4c(O)cccc4[C@@](C)(O)[C@H]3C[C@@H]12,-7.6,-7.6,-7.5,-7.2,-7.2,-7.2,-6.9,-6.9,-6.7,-6.7,world_drugs-ZINC000011525121,4.681936665,5.181676865,5.514259338,5.291706562,5.22951889,5.348031044,5.447029114,5.22204113,5.377696991,5.045336246,5.229480267
CC(C)[C@H](NC(=O)OCc1ccccc1)C(=O)N[C@@H](CC1CCCCC1)C(=O)N[C@H](C=O)C[C@@H]1CCNC1=O,-8.0,-8.0,-7.9,-7.9,-7.8,-7.7,-7.7,-7.6,-7.6,-7.5,GoStar-gvk_124984449,7.48148606,4.549098015,4.539275169,4.578456879,4.55959034,4.569836617,4.437365532,4.567606926,4.550555706,4.558095455,4.501290321
O=C(Nc1cncc2ccc(F)cc12)[C@H]1CCNc2cc(Cl)c(Cl)cc21,-8.3,-7.6,-7.6,-7.5,-7.5,-7.5,-7.5,-7.4,-7.4,-7.4,PostEra-MAT-POS-ec6d90b7-5,6.776496839,5.039461136,5.068053722,5.184508801,5.036004066,5.173477173,5.138577938,5.07655859,4.971242905,5.369214058,4.987525463
CC(C)(C)c1ccc(S(=O)(=O)/C=C/C#N)cc1,-5.8,-5.8,-5.8,-5.8,-5.8,-5.8,-5.5,-5.5,-5.5,-5.4,CHEMBL270299,6.075720714,4.780248642,4.77064085,4.765246391,4.888634682,4.814775944,4.779933453,4.791257858,4.688367367,4.659990788,4.652027607
CN(C)c1ccc(C(=O)N[C@@H](Cc2ccccc2)C(=O)Nc2ccc([N+](=O)[O-])cc2Cl)cc1,-7.6,-7.5,-7.4,-7.4,-7.4,-7.3,-7.3,-7.3,-7.3,-7.2,GoStar-gvk_124987266,7.22184875,5.105091095,5.068217754,5.046002865,5.067945957,5.210440636,5.065178871,5.014576435,5.249753952,5.07745266,5.054950714
CC(C)(C)[C@H](NC(=O)C(F)(F)F)C(=O)N1C[C@H]2[C@@H]([C@H]1C(=O)N[C@H](C#N)C[C@@H]1CCCNC1=O)C2(C)C,-8.0,-7.3,-7.3,-7.2,-7.1,-7.0,-7.0,-7.0,-7.0,-6.9,GoStar-gvk_125493507,5.698970004,4.346398354,4.393851757,4.450763702,4.50460434,4.401521206,4.388629436,4.430538654,4.34266758,4.424779892,4.424837112
COc1ccc(NC(=O)C(c2cccnc2)N(C(=O)c2ccco2)c2ccc(C(C)(C)C)cc2)cc1,-7.7,-7.6,-7.5,-7.4,-7.4,-7.2,-7.2,-7.1,-7.1,-7.1,Kitamura-8,5.125518182,5.262513161,5.20853138,5.189254284,5.301140785,5.282717705,5.30400753,5.232806683,5.296708584,5.202075481,5.173094749
CNC(=O)c1ccc2cncc(NC(=O)Cc3cccc(Cl)c3)c2c1,-7.7,-7.3,-7.3,-7.3,-7.3,-7.2,-7.1,-7.1,-7.1,-7.0,PostEra-MAT-POS-90fd5f68-20,6.046093337,5.196177006,4.977735996,5.326607704,4.965992928,5.165328503,5.183608055,5.205018044,4.800830841,5.260460854,4.920309067
CNC(=O)CN1CC2(CCN(c3cncc4cc(Cl)ccc34)C2=O)c2cc(Cl)ccc2C1=O,-8.9,-8.7,-8.5,-8.5,-8.4,-8.3,-8.3,-8.3,-8.1,-8.0,PostEra-EDG-MED-b1ef7fe3-4,6.3475132,5.402309418,5.121813774,5.254226208,5.202493191,5.088753223,5.250724792,5.13391161,5.108510017,5.105527401,5.161540985
Cc1cc2[nH]c3c(c[n+](CC(=O)NCCCCCCCCNC(=O)C[n+]4cc5c6cc(C)c(C)cc6[nH]c5c5ccccc54)c4ccccc34)c2cc1C,-8.1,-8.0,-7.7,-7.6,-7.5,-7.5,-7.5,-7.4,-7.1,-7.1,emolecules-22057746,4.53165267,5.783575058,5.729305744,5.75237608,5.661436558,5.613409042,5.665803909,5.622298717,5.780791283,5.625190258,5.773534775
COc1cccc2[nH]c(C(=O)N3C[C@@H]4CCC[C@@H]4[C@H]3C(=O)N[C@H](C#N)C[C@@H]3CCCNC3=O)cc12,-7.9,-7.8,-7.6,-7.6,-7.6,-7.5,-7.4,-7.4,-7.3,-7.3,GoStar-gvk_125549081,7.0,5.285541534,5.244194031,5.242780209,5.199259281,5.269541264,5.247020245,5.325639725,5.266780853,5.231879234,5.226468086
CO[C@@H]1C[C@H](C(=O)N(c2ccc(S(F)(F)(F)(F)F)cc2)C(C(=O)NC2CC3CCC(C2)O3)c2cccnc2)N(C#N)C1,-8.0,-7.9,-7.8,-7.7,-7.5,-7.5,-7.4,-7.4,-7.4,-7.3,GoStar-gvk_125468785,5.698970004,5.319655895,5.410658836,5.295090199,5.261363029,5.318034172,5.367081642,5.393774986,5.366043091,5.364205837,5.368897915
O=C(CN1Cc2ccc(Cl)cc2C2(CCN(c3cncc4ccccc34)C2=O)C1)NCC1CC1,-8.1,-7.9,-7.8,-7.7,-7.6,-7.6,-7.6,-7.6,-7.5,-7.5,PostEra-ALP-POS-ecbed2ba-12,7.084208585,5.139117718,5.129159927,5.116956234,5.132956982,5.239167213,5.28529644,5.151062489,5.196665287,5.259339809,5.083343506
CC(C)C[C@H](NC(=O)N(Cc1ccccc1)C1CCN(C(=O)OC(C)(C)C)CC1)C(=O)N[C@@H](C[C@@H]1CCNC1=O)C(=O)C(=O)NC1CC1,-8.1,-8.1,-7.9,-7.8,-7.8,-7.8,-7.7,-7.7,-7.7,-7.7,GoStar-gvk_125563886,5.657577319,4.587291718,4.482650757,4.496394634,4.549283028,4.553762436,4.530832767,4.523403645,4.525838375,4.559921741,4.549071312
CC(C)C[C@H](NC(=O)OCCCc1ccccc1)C(=O)N[C@@H](C[C@@H]1CCNC1=O)C(=O)C(N)=O,-7.5,-7.4,-7.3,-7.3,-7.3,-7.1,-7.1,-7.1,-7.0,-7.0,GoStar-gvk_125564044,6.494850022,4.612998009,4.38019228,4.626643658,4.708319664,4.616641521,4.574050903,4.541974068,4.556481361,4.603238106,4.700020313
O=C(CCl)N1CCN(Cc2cc(Cl)ccc2CNC(=O)N2CCOCC2)CC1,-7.2,-7.1,-7.1,-7.1,-7.1,-6.9,-6.7,-6.7,-6.7,-6.7,PostEra-STU-CHA-6cae54d3-1,5.420773222,5.013765335,4.628262997,5.093876362,4.872011662,5.184058666,4.89196825,4.979522228,4.786747932,4.926550865,4.829234123
CC(C)C[C@H](NC(=O)OC1(Cc2cccnc2)CC1)C(=O)N[C@H](C=O)C[C@@H]1CCNC1=O,-7.5,-7.2,-7.1,-7.0,-6.9,-6.9,-6.8,-6.8,-6.8,-6.8,GoStar-gvk_125563859,5.795880017,4.210990429,4.638324261,4.889511108,4.630152225,4.479388237,4.660828114,4.627736568,4.217799187,5.133550167,4.628061771
COc1ccc2c(O[C@@H]3C[C@H]4C(=O)N[C@]5(C(=O)NS(=O)(=O)C6CC6)C[C@H]5/C=C\CCCCN(C)C(=O)[C@@H]4C3)cc(-c3nc(C(C)C)cs3)nc2c1C,-7.8,-7.7,-7.5,-7.5,-7.5,-7.4,-7.4,-7.2,-7.2,-7.0,GoStar-gvk_124981991,5.087688499,5.355510235,5.519221783,5.567327023,5.581495285,5.592980385,5.706085682,5.437566757,5.400267601,5.41155386,5.41513586
COC(C(=O)Nc1cncc2ccccc12)c1ccc(Cl)c(Cl)c1,-6.9,-6.9,-6.9,-6.9,-6.8,-6.8,-6.8,-6.6,-6.6,-6.6,PostEra-MAT-POS-de59a476-2,5.96666105,4.961203098,4.969633579,5.141947269,4.921686172,5.010249615,4.920854092,5.027528286,4.895708084,4.797994614,4.967125893
O=C(Nc1ccc(F)cc1)[C@@H]1CN(C(=O)CCl)CCN1S(=O)(=O)c1ccsc1,-8.3,-8.2,-8.0,-7.9,-7.2,-7.1,-6.9,-6.8,-6.8,-6.8,PostEra-DAN-MCD-c163c0bb-1,6.227251839,4.39080286,4.284926414,4.262423515,4.206481457,4.159235477,4.373500824,4.410020828,4.342449665,4.407222748,4.344558716
O=C(/C=C/c1ccccc1)N[C@@H](CC1CCCCC1)C(=O)N[C@@H](C[C@@H]1CCNC1=O)C(=O)C(=O)NCc1ccccc1,-7.0,-6.9,-6.8,-6.7,-6.7,-6.7,-6.6,-6.6,-6.6,-6.6,GoStar-gvk_124980305,6.744727495,5.249943733,5.256139278,5.203811169,5.300811768,5.507967949,5.405012131,5.300093174,5.247266769,5.284443855,5.292751312
CC(C)(C)c1ccc(N(C(=O)[C@H]2C[C@@H](O)CN2C#N)C(C(=O)NC2CCCCC2)c2cccnc2)cc1,-8.4,-8.3,-8.3,-8.2,-7.5,-7.5,-7.5,-7.4,-7.4,-7.3,GoStar-gvk_125468492,5.831854088,5.286602497,5.311320782,5.313581467,5.334112167,5.312065601,5.219324589,5.324836731,5.335657597,5.211113453,5.348896027
Cc1ccn2c(NC(=O)Cc3cccc(Cl)c3)cnc2c1,-7.0,-6.9,-6.9,-6.8,-6.7,-6.7,-6.7,-6.7,-6.6,-6.5,PostEra-EDJ-MED-b24713dc-1,4.707987994,4.9203372,5.001646996,4.824520588,4.778892994,4.950205803,4.744598866,4.806464195,5.076028824,5.112600803,4.998914242
CNC(=O)CN1C[C@H](C(=O)Nc2cncc3cccc(Cl)c23)c2cc(Cl)ccc2C1=O,-8.2,-8.2,-7.9,-7.9,-7.7,-7.6,-7.6,-7.6,-7.5,-7.5,PostEra-MIK-ENA-5d9157e9-4,7.015999063,5.428051949,5.131254196,5.198181629,5.106433868,5.170338631,5.09306097,5.089756489,5.139618874,5.293671608,5.101362228
CS(=O)(=O)N1CCC2(CC1)CC(C[C@@H](C=O)NC(=O)[C@H](CC1CCCCC1)NC(=O)OCc1cccc(Cl)c1)C(=O)N2,-8.9,-8.6,-8.6,-8.5,-8.1,-8.0,-8.0,-7.9,-7.9,-7.9,GoStar-gvk_125563966,7.148741651,5.046117783,4.856182098,4.929872513,4.833327293,4.860883713,4.721529484,4.928104401,4.926986217,5.064938068,4.804558277
COc1cccc2[nH]c(C(=O)NC(CC3CC3)C(=O)NC(C#N)C[C@@H]3CCCNC3=O)cc12,-7.8,-7.8,-7.7,-7.5,-7.5,-7.4,-7.3,-7.3,-7.3,-7.3,GoStar-gvk_125391935,5.642648838,5.178019524,5.046342373,5.144275188,5.076868534,5.046251297,5.13574791,5.070790291,5.08026886,5.160381794,5.085532188
CC(C)(C)[C@H](NC(=O)C1CCCCC1)C(=O)N1C[C@H]2[C@@H]([C@H]1C(=O)N[C@H](C#N)C[C@@H]1CCNC1=O)C2(C)C,-7.9,-7.8,-7.8,-7.7,-7.6,-7.6,-7.6,-7.5,-7.3,-7.2,GoStar-gvk_125549099,7.0,4.328227997,4.326976776,4.450101852,4.471624374,4.383515358,4.399897575,4.453945637,4.390558243,4.394523621,4.170650005
CN1CC(C#N)(CS(=O)(=O)N2Cc3ccc(Cl)cc3C(C(=O)Nc3cncc4ccccc34)C2)C1,-8.0,-8.0,-8.0,-8.0,-7.9,-7.9,-7.8,-7.8,-7.8,-7.7,PostEra-ALP-POS-07e1ed01-2,6.820950115,4.967607498,5.031668663,5.049370766,5.006800175,4.566483974,4.999197006,5.039569378,5.014146328,4.913454056,5.027637005
CC(C)(C)c1ccc(N(C(=O)[C@H]2C[C@H](O)CN2C#N)C(C(=O)NC2CCCCC2)c2cccnc2)cc1,-7.0,-7.0,-6.9,-6.9,-6.8,-6.8,-6.8,-6.8,-6.7,-6.6,GoStar-gvk_125468517,5.698970004,5.183155537,5.135571957,5.387892723,5.178106308,5.357446671,5.148211956,5.399516582,5.246266842,5.142386913,5.171732903
O=C(Cc1cncc2ccccc12)N(CCC1CCCCC1)c1cccc(Cl)c1,-7.8,-7.7,-7.7,-7.7,-7.6,-7.5,-7.5,-7.5,-7.3,-7.3,PostEra-MAT-POS-173a45da-1,5.675211664,5.039818764,5.126123428,4.979663849,5.091620922,4.983469963,4.990855694,5.13775444,5.149399757,5.162541866,5.125350475
CC(C)[C@H](NC(=O)OCc1ccccc1)C(=O)N[C@@H](Cc1ccccc1)C(=O)N[C@H](C=O)C[C@@H]1CCNC1=O,-7.8,-7.5,-7.5,-7.5,-7.5,-7.5,-7.5,-7.4,-7.4,-7.3,GoStar-gvk_124984448,7.823908741,5.37882185,5.078523636,5.122904301,5.07969141,5.245793819,5.100449085,5.103566647,5.078638554,5.003838539,4.793117046
O=C(Nc1cncc2ccccc12)C1CCOc2cc(Cl)c(Cl)cc21,-7.7,-7.4,-7.4,-7.4,-7.3,-7.3,-7.2,-7.2,-7.1,-7.1,PostEra-ALP-POS-869ac754-1,6.686495855,5.074533939,4.961808681,5.03114748,5.146561146,4.950230122,4.967300415,4.963770866,4.938050747,5.140502453,5.02488184
O=C(Nc1cncc2ccc(O)cc12)C1CCOc2ccc(Cl)cc21,-7.6,-7.4,-7.3,-7.3,-7.3,-7.2,-7.0,-7.0,-7.0,-6.8,PostEra-BEN-DND-c852c98b-4,6.755344234,4.917015076,5.25470829,5.11192131,5.150871277,4.953354359,4.882491112,4.992177486,4.986690521,5.113343239,5.183945179
COC(=O)C1CC(NC(=O)C(c2cccnc2)N(C(=O)c2cocn2)c2ccc(C(C)(C)C)cc2)C1,-7.8,-7.6,-7.6,-7.5,-7.4,-7.4,-7.4,-7.3,-7.1,-7.1,PostEra-ALP-POS-88a7a97e-15,5.399491017,5.372686863,5.163350105,5.108531475,5.105615616,5.117125511,5.145505428,5.157954693,5.201570988,5.18299675,5.107846737
COc1ccc(C(F)(F)F)c2[nH]c(C(=O)N[C@@H](CC(C)(C)C)C(=O)N[C@H](C#N)C[C@@H]3CCNC3=O)c(C(F)(F)F)c12,-8.5,-8.2,-8.2,-8.2,-8.0,-8.0,-7.9,-7.9,-7.8,-7.8,GoStar-gvk_125485552,6.954677021,5.161359787,5.429960728,5.45118618,5.481477737,5.465945721,5.468550205,5.404448986,5.329404354,5.251552105,5.171350002
COc1cccc2[nH]c(C(=O)N[C@@H](CC(C)C)C(=O)N[C@H](C#N)C[C@@H]3CCNC3=O)c(F)c12,-8.2,-8.0,-7.9,-7.9,-7.8,-7.8,-7.8,-7.7,-7.7,-7.6,GoStar-gvk_125485530,7.27572413,5.009177685,4.703761578,4.780673504,5.176149368,5.036590576,5.086977005,5.114392281,5.062033176,5.129369259,5.17234087
CC(C)(C)C[C@H](NC(=O)c1cc2ccc(Cl)cc2[nH]1)C(=O)N[C@H](C#N)C[C@@H]1CCNC1=O,-8.2,-8.0,-8.0,-7.9,-7.8,-7.7,-7.6,-7.6,-7.5,-7.5,GoStar-gvk_125485567,7.30980392,4.755732059,4.664616585,4.698852539,4.770864487,4.60319376,4.62393713,4.521911621,4.634457111,4.540874958,4.787647247
COc1ccc(C(F)(F)F)c2[nH]c(C(=O)N[C@@H](CC(C)C)C(=O)N[C@H](C#N)C[C@@H]3CCNC3=O)c(C(F)(F)F)c12,-8.6,-8.5,-8.3,-7.7,-7.5,-7.4,-7.4,-7.3,-7.3,-7.2,GoStar-gvk_125485559,6.548213564,5.326027393,5.511872768,5.431129932,5.441640854,5.341741562,5.348277569,5.363168716,5.705374241,5.053973675,5.245560169
O=C1NC2(CCOc3ccc(Cl)cc32)C(=O)N1c1cncc2ccccc12,-7.9,-7.8,-7.4,-7.3,-7.2,-7.1,-7.0,-7.0,-6.9,-6.9,PostEra-VLA-UCB-29506327-1,5.880744978,5.372992516,5.328993797,5.293486595,5.139500618,5.419707775,5.203764915,5.158920288,5.426887035,5.106013775,5.277455807
CNC(=O)CN1C[C@@]2(CC(=O)N(c3cncc4ccccc34)C2=O)c2cc(Cl)ccc2C1=O,-8.4,-8.4,-8.2,-8.1,-8.1,-7.8,-7.8,-7.7,-7.7,-7.6,PostEra-LUO-POS-868e8996-7,6.911767414,5.17386198,5.036887169,5.108137131,5.176605701,5.086667538,5.116146088,5.133176327,5.169205666,5.293334484,5.369432449
O=C(Nc1cncc2ccccc12)C1CN(S(=O)(=O)CC2CCOCC2)Cc2ccc(Cl)cc21,-8.6,-8.6,-8.3,-8.1,-8.1,-8.0,-8.0,-7.9,-7.9,-7.9,PostEra-EDJ-MED-4fff0a85-1,6.819045316,5.162546635,5.226010323,5.280083179,5.221562386,5.149560452,5.216409683,5.071145535,5.306592464,5.297080517,5.293135166
COc1cccc(C(=O)CCN[C@@H](C)[C@H](O)c2ccccc2)c1,-6.4,-6.2,-6.2,-6.2,-6.2,-6.1,-6.1,-6.1,-6.0,-6.0,CHEMBL2354521,5.628932138,4.750540733,4.95827961,4.738639355,4.986549854,4.945326328,4.807591438,4.967000008,4.972319603,4.89152956,4.994613647
O=C(NCc1ccc2c(c1)OCO2)c1nc(S(=O)(=O)Cc2ccccc2)ncc1Cl,-8.0,-7.9,-7.8,-7.7,-7.6,-7.6,-7.5,-7.5,-7.5,-7.5,PostEra-LON-WEI-4d77710c-10,5.854794951,5.274808884,5.119720936,5.091202259,5.09351635,5.141787529,5.145061016,5.183383465,5.003255367,5.119029045,5.103990555
N#CC1(CS(=O)(=O)N2Cc3ccc(Cl)cc3[C@@]3(CC(=O)N(c4cncc5ccccc45)C3=O)C2)CC1,-8.2,-8.0,-7.9,-7.8,-7.8,-7.7,-7.7,-7.6,-7.5,-7.5,PostEra-LUO-POS-868e8996-9,7.301029989,5.61251688,5.252509117,5.585659504,5.50743103,5.401006699,5.470114708,5.546465397,5.079720974,5.227924347,5.346909523
CC1(C)[C@H]2CN(C(=O)[C@H](Cc3ccccc3)NC(=O)OCc3ccccc3)[C@H](C(=O)N[C@H](C=O)C[C@@H]3CCNC3=O)[C@H]21,-7.9,-7.9,-7.8,-7.8,-7.7,-7.6,-7.5,-7.5,-7.4,-7.3,GoStar-gvk_125547076,6.573488739,5.290783882,5.318028927,5.309033871,5.30343771,5.411345005,5.302039623,5.326558113,5.391517162,5.238571167,5.540058136
CN(CC(=O)Nc1ccccc1Br)C(=O)CCl,-5.6,-5.5,-5.4,-5.3,-5.3,-5.2,-5.1,-5.1,-5.1,-5.1,PostEra-TAT-ENA-80bfd3e5-42,5.228882062,4.65069437,4.851415634,4.920118809,4.951956272,5.065039635,4.87981081,4.913689613,4.907529354,4.934602261,4.605587482
CC(C)C[C@H](NC(=O)OC(Cc1cccc(Cl)c1)c1cccc(Cl)c1)C(=O)N[C@H](C=O)C[C@@H]1CCNC1=O,-7.5,-7.3,-7.1,-7.0,-6.9,-6.8,-6.8,-6.8,-6.7,-6.7,GoStar-gvk_125564070,7.397940009,4.874446869,5.363949776,5.375487328,5.280407429,5.113718033,5.170362473,5.076960087,5.112448692,4.909559727,5.308608055
COc1ccc(N(C(=O)c2ccco2)C(C(=O)NCCc2cccc(F)c2)c2cccnc2)cc1,-7.5,-7.4,-7.3,-7.3,-7.2,-7.2,-7.2,-7.1,-7.1,-7.1,PostEra-ALP-POS-b0bc6a46-22,4.51573323,5.117656231,5.180062294,5.124793053,5.271275043,5.219916344,5.161130905,5.113237381,5.179305077,5.170586586,5.017336369
CNC(=O)CN1Cc2ccc(Cl)cc2C2(CCN(c3cncc4ccc(F)cc34)C2=O)C1,-8.0,-7.8,-7.5,-7.3,-7.3,-7.2,-7.2,-7.1,-7.1,-7.1,PostEra-MAT-POS-b4d6b7fc-5,6.574236807,5.157879353,5.249462605,5.333877087,5.054436207,5.512832642,5.492744446,5.203490734,5.373440742,5.549731731,4.987957954
COc1ccc(C2CC(c3ccccc3)=NN2C(=O)CCl)cc1OC,-6.9,-6.9,-6.5,-6.4,-6.4,-6.2,-6.2,-6.2,-6.2,-6.1,PostEra-MED-COV-4280ac29-30,6.265522306,5.027614594,5.065347672,4.899050713,4.88673687,5.064379215,4.963434696,4.919776917,4.991877556,4.913133144,5.025110722
CNC(=O)CN1Cc2ccc(Cl)cc2C2(CCN(c3cncc4cccc(Cl)c34)C2=O)C1,-8.2,-8.1,-7.8,-7.7,-7.7,-7.7,-7.6,-7.4,-7.4,-7.4,PostEra-MAT-POS-b4d6b7fc-6,5.484228666,5.131599426,5.522428036,5.116603851,5.124490738,5.051693439,5.094939232,5.084545612,5.123540401,5.045924664,5.164120674
O=C(CN1CC(C(=O)Nc2cncc3ccccc23)c2cc(Cl)ccc2C1=O)NC1CCC1,-8.6,-8.5,-8.5,-8.4,-8.3,-8.3,-8.2,-8.1,-8.1,-8.1,PostEra-RAL-THA-a9c31980-2,6.88875041,5.314886093,5.109413624,5.28034687,5.200908184,5.275551796,5.150712967,5.259238243,5.296566963,5.514220715,5.253128529
CC(C)(C)c1ccc(N(C(=O)[C@H]2CCCN2C#N)C(C(=O)NCC(=O)N2CCOCC2)c2cccnc2)cc1,-8.1,-7.9,-7.6,-7.5,-7.4,-7.3,-7.3,-7.2,-7.2,-7.2,GoStar-gvk_125468495,5.698970004,5.291441917,5.198945999,5.117374897,5.262896061,5.256734371,5.302145958,5.082455635,5.356027126,5.34744072,5.166453362
S=C(S)N1CCCC1,-3.2,-3.2,-3.2,-3.2,-3.2,-3.2,-3.2,-3.2,-3.2,-3.2,CHEMBL1449651,6.677780705,4.215221882,4.239549637,4.204817295,4.246850967,4.211932182,4.204576969,4.262131691,4.282465935,4.204380512,4.238326073
C[C@H](NC(=O)C(c1cccnc1)N(C(=O)c1ccco1)c1ccc(-n2cccc2)cc1)c1ccccc1,-8.2,-8.1,-8.0,-8.0,-8.0,-8.0,-8.0,-7.9,-7.9,-7.8,Kitamura-20,6.026872146,5.33591795,5.24071312,5.188756943,5.253831863,5.295594692,5.382164478,5.299677372,5.356105804,5.236134052,5.388325691
Cc1cccc2c3c(ccc12)C1=C(C(=O)C3=O)[C@@H](C)CO1,-7.5,-7.5,-7.4,-7.1,-7.0,-6.9,-6.8,-6.8,-6.8,-6.7,GoStar-gvk_124987339,5.30980392,5.077980518,4.887379169,5.040323257,5.01283884,5.009077549,5.044278622,5.058489323,5.148607254,5.196147919,4.954970837
O=C1NCC(C(=O)Nc2cnn3c2CCCC3)c2cc(Cl)ccc21,-7.6,-7.6,-7.6,-7.4,-7.3,-7.1,-7.0,-7.0,-7.0,-7.0,PostEra-EDJ-MED-dd2a8363-3,4.515109934,4.82999897,5.153293133,5.017606258,5.051475525,5.092388153,5.167257786,4.975229263,5.154760838,5.195804119,4.866250038
COc1cccc2[nH]c(C(=O)N[C@@H](CC3CC3(F)F)C(=O)N[C@H](C#N)C[C@@H]3CCCNC3=O)cc12,-8.7,-8.4,-8.3,-8.1,-7.9,-7.9,-7.8,-7.8,-7.6,-7.6,GoStar-gvk_125436550,5.349485002,5.303599834,5.110412598,5.146123886,5.11796236,5.08979702,5.219318867,5.23176384,5.246954918,5.21511364,5.173893929
O=C(Nc1cncc2ccccc12)C1CN(S(=O)(=O)CC2CC2)Cc2ccc(Cl)cc21,-8.5,-8.4,-8.1,-8.1,-8.0,-7.9,-7.9,-7.8,-7.8,-7.7,PostEra-EDJ-MED-76744c27-3,6.773944894,5.163301468,5.184029579,5.136847973,5.225243568,5.263129234,5.015450478,5.081730843,5.220277309,5.206103802,5.270149231
Cc1ccncc1C(C(=O)NCCc1cccc(F)c1)N(C(=O)c1ccco1)c1ccc(C(C)(C)C)cc1,-7.9,-7.7,-7.6,-7.6,-7.5,-7.5,-7.4,-7.3,-7.3,-7.2,PostEra-ALP-POS-02c6a514-44,6.950992556,5.246563911,5.225120068,5.217087746,5.206963062,5.227638721,5.235170841,5.204458714,5.23408699,5.364831924,5.220214844
CC(C)(C)c1ccc(N(C(=O)[C@H]2CCCN2C#N)C(C(=O)NCC2COC2)c2cccnc2)cc1,-7.6,-7.4,-7.3,-7.3,-7.3,-7.2,-7.2,-7.1,-7.1,-7.0,GoStar-gvk_125468537,5.698970004,5.054576874,5.169951439,5.223454952,5.182860374,5.22077179,5.132983685,5.232655048,5.161767006,5.144244194,5.239942551
O=C(c1cncc2ccccc12)N1CCN(c2cccc(Cl)c2)C(=O)C1,-8.2,-8.1,-8.0,-7.7,-7.5,-7.5,-7.4,-7.3,-7.3,-7.2,PostEra-ERI-UCB-d6de1f3c-2,5.036684776,4.757911682,5.044611454,4.984740734,5.031340122,4.980401993,5.003579617,5.009224415,4.80203867,5.107532024,5.075141907
CC(C)(C)C(=O)N1CCC2(CC1)CC(CC(C=O)NC(=O)[C@H](CC1CCCCC1)NC(=O)OC1CCCC1Cc1cccc(Cl)c1)C(=O)N2,-8.3,-8.2,-8.2,-8.1,-8.1,-8.0,-7.9,-7.8,-7.8,-7.6,GoStar-gvk_125563990,6.190844468,5.60639286,5.154035091,5.470844746,5.585865021,5.244426727,5.590004921,5.076179028,5.517081738,5.30452776,5.576717377
Cc1ccncc1NC(=O)Cc1cc(Cl)cc(OC2CC(=O)N2)c1,-7.3,-7.0,-6.8,-6.8,-6.8,-6.7,-6.7,-6.6,-6.6,-6.6,PostEra-TRY-UNI-2eddb1ff-7,5.440224673,4.900036812,4.694478512,4.686723232,5.01884222,4.935380459,4.99516058,4.975826263,4.667764664,4.748831272,4.621964455
CC(C)[C@H](NC(=O)c1ccc2ccccc2n1)C(=O)N[C@@H](CC1CCCCC1)C(=O)N[C@H](C=O)C[C@@H]1CCNC1=O,-8.0,-7.9,-7.8,-7.8,-7.8,-7.8,-7.7,-7.7,-7.6,-7.6,GoStar-gvk_125405680,7.13076828,4.72178936,4.617073536,4.719542503,4.981386662,4.658782482,4.832956791,4.859904766,4.858335972,4.780585289,4.877616882
O=C(c1cc(=O)[nH]c2ccccc12)N1CCN(c2ccccc2F)CC1,-7.5,-7.4,-7.3,-7.2,-7.2,-7.2,-7.2,-7.2,-7.1,-7.1,PostEra-BEN-DND-7e92b6ca-16,4.619795999,5.043692589,5.092653275,5.056892395,4.978666782,5.017515659,5.058744907,4.944648743,4.987689972,5.048115253,5.010577202
CC(C)(C)CC(=O)N[C@H](C(=O)N1C[C@H]2[C@@H]([C@H]1C(=O)N[C@@H](C[C@@H]1CCNC1=O)C(=O)C(N)=O)C2(C)C)C(C)(C)C,-7.7,-7.3,-7.2,-7.1,-7.1,-6.9,-6.9,-6.9,-6.8,-6.8,GoStar-gvk_125547071,5.870656154,4.448525429,4.686635971,4.65487051,4.528345108,4.571874619,4.533417702,4.539382935,4.484876156,4.624992847,4.449991226
N#C[C@H](C[C@@H]1CCCNC1=O)NC(=O)[C@@H]1CC2(CN1C(=O)c1cc3cccc(Cl)c3[nH]1)CC(F)(F)C2,-8.7,-8.6,-8.3,-8.3,-8.2,-8.1,-8.0,-8.0,-8.0,-8.0,GoStar-gvk_125392195,5.698970004,5.19047451,5.274466038,5.101856232,5.155004978,5.123001575,5.159773827,5.016767979,5.246302605,5.25239706,5.13288784
Cc1cccc2ncc(NC(=O)Cc3cccc(Cl)c3)n12,-6.9,-6.8,-6.7,-6.6,-6.6,-6.6,-6.5,-6.5,-6.5,-6.4,PostEra-EDJ-MED-b24713dc-2,5.256509233,4.844753742,4.832660675,4.841289043,5.013730049,4.680545807,4.820494175,4.970193863,4.730969429,5.076992035,4.737784863
O=C1NCC[C@H]1C[C@H](NC(=O)[C@@H]1[C@H]2CCC[C@H]2CN1C(=O)c1cc2c(OC(F)F)cc(Cl)cc2[nH]1)C(=O)CO,-8.4,-8.3,-8.0,-7.9,-7.6,-7.6,-7.6,-7.4,-7.4,-7.4,GoStar-gvk_125509662,7.698970004,5.352089882,5.12382555,5.520240307,5.270215988,5.35242033,5.253226757,5.281569481,5.230154037,5.286741734,5.215716839
COc1cccc2[nH]c(C(=O)N3C[C@@H]4CCC[C@@H]4[C@H]3C(=O)N[C@@H](C[C@@H]3CCCNC3=O)C(=O)CO)cc12,-8.2,-8.1,-8.0,-8.0,-8.0,-7.9,-7.9,-7.8,-7.8,-7.7,GoStar-gvk_125509561,7.698970004,5.229257584,5.245130062,5.316740036,5.252222061,5.17906189,5.299409389,5.231874943,5.348801136,5.213152885,5.389805317
N#Cc1ccc(CN2CCC(C3CCNC3)CC2)cc1,-6.4,-6.4,-6.4,-6.4,-6.3,-6.3,-6.2,-6.2,-6.2,-6.0,PostEra-LON-WEI-4d77710c-32,5.686450882,4.934905529,4.617171764,4.680305004,4.700517178,4.657536983,4.619722366,4.588467121,4.697165966,4.846430302,4.719712257
CC1(CS(=O)(=O)N2Cc3ccc(Cl)cc3C(C(=O)Nc3cncc4cccc(Cl)c34)C2)CS(=O)(=O)C1,-8.6,-8.6,-8.5,-8.4,-8.4,-8.3,-8.2,-8.1,-8.1,-8.0,PostEra-EDJ-MED-ede277f6-11,6.018953665,5.067622662,5.132478714,5.137214661,5.193590164,5.180818558,5.118055344,5.119813442,5.131632805,5.382459641,5.100986958
CCOC(=O)CNC(=O)C(c1cccnc1)N(C(=O)c1cocn1)c1ccc(C(C)(C)C)cc1,-7.5,-7.5,-7.4,-7.3,-7.3,-7.2,-7.2,-7.2,-7.1,-7.1,PostEra-ALP-POS-88a7a97e-32,5.021050828,5.153661251,5.140791893,5.187470436,5.270501137,5.085496426,5.173155785,5.179671288,5.316077232,5.149403572,5.117857456
O=C(CCl)N1CCN(S(=O)(=O)c2cccc(F)c2)CC1,-6.8,-6.7,-6.4,-6.4,-6.4,-6.2,-6.2,-6.1,-6.1,-6.1,PostEra-LON-WEI-8f408cad-4,5.415243772,4.212638855,4.278079033,4.156810284,4.312071323,4.140033722,4.45276165,4.240485668,4.131453037,4.191627979,4.361118793
CC(C)(C)c1ccc(N(C(=O)[C@H]2CCCN2C#N)C(C(=O)NC2CCC(F)(F)CC2)c2cccnc2)cc1,-7.7,-7.7,-7.5,-7.5,-7.4,-7.4,-7.4,-7.4,-7.4,-7.3,GoStar-gvk_125468534,5.698970004,5.266324997,5.27734375,5.229857922,5.287017345,5.314562321,5.161069393,5.2590909,5.274469376,5.198106766,5.314764977
CCNS(=O)(=O)N1Cc2ccc(Cl)cc2C(C(=O)Nc2cncc3ccccc23)C1,-7.7,-7.6,-7.6,-7.5,-7.4,-7.3,-7.2,-7.1,-7.1,-7.1,PostEra-MAT-POS-5cd9ea36-17,6.827954344,4.845930576,5.210508823,4.992660522,5.096551895,5.087536335,5.264557838,5.136571407,5.141232014,5.128143787,4.950222969
Cc1ccc2nc(-c3ccc(N)cc3)sc2c1S(=O)(=O)O,-8.0,-7.9,-7.6,-7.4,-7.4,-7.3,-7.2,-7.2,-7.2,-6.9,GoStar-gvk_124987279,5.366531544,4.999592781,4.880183697,4.831183434,4.890586376,4.837983131,4.853694916,5.017598629,4.932201385,5.017284393,5.013359547
O=C(Cc1cc(Cl)ccc1F)Nc1cncc2ccccc12,-7.5,-7.2,-7.1,-6.9,-6.8,-6.8,-6.8,-6.8,-6.8,-6.7,PostEra-PET-UNK-dd44aeb6-1,6.150707295,5.191986561,5.118331432,5.176629066,5.06410408,4.92105484,5.146947861,5.222682476,4.964530945,4.966414452,5.195290565
O=C(Cc1cc(Cl)cc2c1OCC2)Nc1cncc2ccccc12,-7.6,-7.1,-7.1,-7.0,-7.0,-6.9,-6.9,-6.9,-6.8,-6.8,PostEra-MAT-POS-bbbbc21a-3,5.825267907,5.047360897,5.049330711,5.112206459,5.271795273,4.947818756,4.989853859,4.968200684,5.077181816,5.029617786,5.118093014
O=C(Nc1cncc2ccccc12)C1CCNc2cc(Cl)c(Cl)cc21,-7.8,-7.5,-7.5,-7.4,-7.4,-7.4,-7.4,-7.3,-7.1,-7.1,PostEra-ALP-UNI-3735e77e-4,6.813746346,4.861982346,5.204110146,5.04015398,5.152506828,5.055937767,4.865127563,4.933646679,5.029580116,4.962853432,5.044743061
CNC(=O)CN1C[C@](C)(C(=O)Nc2cncc3ccccc23)c2cc(Cl)ccc2S1(=O)=O,-8.2,-8.1,-7.8,-7.8,-7.7,-7.7,-7.7,-7.6,-7.6,-7.5,PostEra-LUO-POS-868e8996-1,7.120481631,4.625833511,4.806875706,5.015834808,5.224501133,4.855442524,4.658043861,4.870916843,4.736260414,4.957902431,4.854337215
COc1ccc2cncc(NC(=O)[C@]3(OC)CCOc4ccc(Cl)cc43)c2c1,-7.3,-7.3,-7.2,-7.0,-7.0,-7.0,-6.7,-6.7,-6.7,-6.6,PostEra-EDJ-MED-611d11e7-7,7.162326858,5.335289955,5.392157555,5.222698689,5.036166191,5.340600491,5.25804472,5.240471363,5.268969536,5.086592197,5.283166885
C[C@H]1C[C@@H](C(=O)Nc2cncc3ccccc23)c2cc(Cl)ccc2O1,-8.1,-7.6,-7.5,-7.5,-7.4,-7.4,-7.2,-7.2,-7.2,-7.1,PostEra-EDJ-MED-e4b030d8-3,4.697308587,5.196419716,4.999502659,4.913696289,5.130084991,4.988445282,5.047192574,5.021722317,5.099667549,5.144484043,5.197300434
Cn1ccc2cc(N(C(=O)c3cocn3)C(C(=O)NCCc3cccc(F)c3)c3cccnc3)ccc21,-8.1,-8.1,-8.0,-7.9,-7.8,-7.8,-7.8,-7.7,-7.6,-7.6,PostEra-ALP-POS-ced8ea4d-20,4.623855609,5.247360706,5.198056221,5.324102879,5.283868313,5.440886021,5.104028702,5.217852116,5.30043745,5.240024567,5.186935425
Cn1ncc(C(=O)N(c2ccc(C(C)(C)C)cc2)C(C(=O)NCCc2cccc(F)c2)c2cccnc2)n1,-8.5,-8.5,-8.4,-8.3,-7.9,-7.8,-7.7,-7.7,-7.7,-7.6,PostEra-ALP-POS-305f6ec3-46,4.754485027,5.388532639,5.311704159,5.263149738,5.258425236,5.312148571,5.286734104,5.433416843,5.367228985,5.324382782,5.25325489
O=C1c2ccccc2C(=O)N1CCNCC1(C(=O)Nc2cncc3ccccc23)CCOc2ccc(Cl)cc21,-8.3,-8.3,-8.2,-8.2,-8.1,-8.1,-8.1,-8.1,-7.9,-7.8,PostEra-MAT-POS-61f37a1a-3,4.844994852,5.316480637,5.448720932,5.308654308,5.308002949,5.448569298,5.4311409,5.428611755,5.27361393,5.422299862,5.275430202
O=C(NC[C@@]1(C(=O)Nc2cncc3ccccc23)CCOc2ccc(Cl)cc21)[C@]1(O)CCSC1,-8.1,-8.0,-7.9,-7.9,-7.7,-7.7,-7.6,-7.4,-7.4,-7.3,PostEra-EDJ-MED-4c7486ba-9,5.712768555,5.408946991,5.209467411,5.187001228,5.132833481,5.321780205,5.348778248,5.27891922,5.276713848,5.418859482,5.209431648
CC(C)C[C@H](NC(=O)OC(C)(C)Cc1ccccc1)C(=O)N[C@@H](C[C@@H]1CCNC1=O)C(O)S(=O)(=O)[O-],-7.5,-7.5,-7.4,-7.3,-7.2,-7.2,-7.2,-7.2,-7.1,-7.1,GoStar-gvk_125563845,6.096910013,4.478935242,4.479548454,4.500356674,4.50967741,4.380388737,4.41998291,4.516843796,4.347458839,4.543350697,4.450306416
COc1ccc(N2CCN(C(=O)c3cc(=O)[nH]c4ccccc34)CC2)cc1,-7.4,-7.3,-7.2,-7.1,-7.1,-6.9,-6.9,-6.9,-6.9,-6.8,PostEra-BEN-DND-7e92b6ca-11,4.833455313,4.85744381,5.042546749,4.943115234,5.075456142,5.188394547,5.025522709,5.116950035,5.112250328,5.006557941,4.948557854
O=C1NCC(C(=O)Nc2cncc3ccccc23)c2cc(Cl)ccc21,-7.9,-7.7,-7.6,-7.6,-7.5,-7.5,-7.4,-7.3,-7.3,-7.3,PostEra-MIC-UNK-91acba05-1,6.681976298,5.264645576,5.02258873,5.0467062,5.019464493,5.239061832,5.344059944,5.262366772,5.001641273,4.892321587,5.173272133
N#CCN1Cc2ccc(Cl)cc2C(C(=O)Nc2cncc3ccccc23)C1,-7.6,-7.3,-7.3,-7.2,-7.2,-7.1,-7.1,-7.0,-6.8,-6.8,PostEra-MAT-POS-61f37a1a-12,6.4749638,5.309414387,4.747904778,4.886528969,5.176203251,5.411389351,5.260955811,5.171972752,5.065228939,5.033593655,5.378081322
COc1ccc2[nH]c([S+]([O-])Cc3ncc(C)c(OC)c3C)nc2n1,-6.7,-6.6,-6.5,-6.3,-6.3,-6.3,-6.3,-6.3,-6.3,-6.2,CHEMBL1475252,6.013228266,4.92817688,4.918097973,4.848064899,4.925226688,4.684258461,4.923068047,4.869943619,4.892310619,4.83438158,4.963898659
Cc1ccc2c(NC(=O)Cc3cccc(Cl)c3)cncc2c1,-7.4,-7.3,-7.2,-7.2,-7.1,-7.1,-7.1,-7.0,-7.0,-7.0,PostEra-MAT-POS-29385cc1-3,5.906777518,4.968820572,5.111557007,4.888428211,5.130043507,5.140089512,5.212392807,4.825452805,4.754601002,4.804522991,5.003363609
COC(=O)c1c(C)n(S(C)(=O)=O)c2ccc(N(C(=O)c3ccco3)S(C)(=O)=O)cc12,-6.7,-6.5,-6.5,-6.5,-6.4,-6.3,-6.3,-6.3,-6.3,-6.3,PostEra-LON-WEI-4d77710c-11,6.029222827,4.904661179,4.722278118,4.803741455,4.863064289,4.685396194,4.932695389,4.881055832,4.818623543,4.447848797,4.632847309
O=C(c1cc(=O)[nH]c2ccccc12)N1CCN(Cc2ccccc2)CC1,-7.4,-7.4,-7.2,-7.2,-7.2,-7.1,-7.1,-7.1,-7.1,-7.0,PostEra-BEN-DND-7e92b6ca-10,5.057428039,4.954469204,5.268661976,4.945309639,5.080286503,5.012499332,5.147908211,5.005925655,4.946106911,4.966792583,5.05018425
CC(C)C[C@H](NC(=O)OC1CCCC1Cc1cccc(Cl)c1)C(=O)N[C@H](C=O)C[C@@H]1CCNC1=O,-7.7,-7.7,-7.6,-7.6,-7.5,-7.5,-7.5,-7.4,-7.4,-7.4,GoStar-gvk_125563940,7.928117993,5.433729649,5.194632053,5.245936394,4.804646492,5.092414856,5.178505898,4.924110889,5.334805489,5.187465668,4.941135406
O=c1c2ccccc2[se]n1-c1ccccc1,-6.2,-6.2,-6.2,-6.2,-6.0,-6.0,-6.0,-5.9,-5.8,-5.8,chembl-CHEMBL51085,5.94181866,4.758357048,4.712674618,4.723531246,4.88347578,4.882091045,4.765979767,4.725748062,4.777028084,4.855854988,4.835808277
O=C(Nc1c[n+]([O-])cc2ccccc12)[C@H]1CCOc2ccc(Cl)cc21,-7.7,-7.5,-7.4,-7.4,-7.4,-7.4,-7.3,-7.2,-7.2,-7.1,PostEra-ALP-POS-ce760d3f-4,4.510156181,5.213613033,4.902436256,4.934254646,5.028852463,5.300418854,5.076690197,5.04911375,5.323275089,4.915801048,5.128595352
CC1NC(=O)c2ccc(Cl)cc2C1C(=O)Nc1cncc2ccc(S(C)(=O)=O)cc12,-8.7,-8.2,-7.8,-7.6,-7.5,-7.4,-7.3,-7.3,-7.3,-7.3,PostEra-MAT-POS-edabd372-1,5.701240782,4.886908054,5.105217934,5.145944595,5.073353291,5.053399086,5.320056915,5.434710503,4.994869232,5.026758194,5.397181988
NS(=O)(=O)CCc1ccccc1CN1CCN(C(=O)CCl)CC1,-6.8,-6.6,-6.6,-6.5,-6.5,-6.4,-6.3,-6.3,-6.2,-6.1,PostEra-MIH-UNI-e573136b-5,5.565907067,4.883769512,4.566507339,4.925010681,4.451821327,4.393954277,4.948223114,4.85323143,4.943408012,4.916144848,4.324565887
CC1=CC[C@]2(C)CC[C@]3(C)C4=CC=C5C(=CC(=O)C(O)=C5C)[C@]4(C)CC[C@@]3(C)[C@@H]2C1,-8.1,-7.9,-7.6,-7.5,-7.5,-7.4,-7.1,-7.0,-6.6,-6.5,GoStar-gvk_124987337,5.585026652,5.341359138,5.190598965,5.21495676,5.324545383,5.122437954,5.169089794,5.116192818,5.127078533,5.043700218,5.07015419
O=C(Nc1cncc2ccccc12)C1c2cc(Cl)ccc2CCN1S(=O)(=O)C1CC1,-7.8,-7.3,-7.2,-7.2,-7.1,-7.1,-6.9,-6.9,-6.9,-6.8,PostEra-EDJ-MED-2791eece-10,5.941982916,5.234335423,5.161655426,5.427170753,5.136706352,5.203754425,5.458665848,5.387516499,5.16085434,5.261533737,5.243541241
O=C(CN1CC(C(=O)Nc2cncc3ccccc23)c2cc(Cl)ccc2C1=O)NCC(F)(F)F,-8.5,-8.4,-8.2,-8.0,-7.9,-7.8,-7.8,-7.8,-7.7,-7.7,PostEra-RAL-THA-a9c31980-8,6.468540053,5.100138187,5.104503632,5.086631298,5.164232254,5.216584206,5.138472557,5.334702969,5.408889771,5.249200344,5.570155144
CN1CCN(C(=O)C(c2cccnc2)N(C(=O)[C@H]2CCCN2C#N)c2ccc(C(C)(C)C)cc2)CC1=O,-7.9,-7.8,-7.8,-7.7,-7.3,-7.1,-7.1,-7.1,-7.0,-7.0,GoStar-gvk_125468505,5.698970004,5.363767624,5.29411602,5.293050289,5.287169456,5.271342278,5.187689304,5.162124634,5.307388783,5.390209675,5.266931057
CN(CCO)S(=O)(=O)N1Cc2ccc(Cl)cc2C2(CCN(c3cncc4ccccc34)C2=O)C1,-7.9,-7.8,-7.6,-7.5,-7.5,-7.4,-7.4,-7.3,-7.3,-7.1,PostEra-ALP-POS-ecbed2ba-19,6.155664908,4.793107033,5.043344975,5.041001797,5.089486122,4.926148415,4.95900631,4.871394634,4.773164749,5.001190662,4.797273159
CC(Cc1ccc(O)c(O)c1)C(C)Cc1ccc(O)c(O)c1,-7.3,-7.3,-7.2,-7.2,-7.1,-7.1,-7.0,-7.0,-6.9,-6.9,CHEMBL52,5.586700236,4.804475784,4.974945068,4.954802036,4.938312531,4.965511799,4.95631218,4.902854919,5.130546093,4.896437168,4.832438469
CCOC(=O)c1nc(S(C)(=O)=O)ncc1Cl,-5.8,-5.7,-5.5,-5.4,-5.4,-5.4,-5.3,-5.3,-5.3,-5.3,PostEra-LON-WEI-ff7b210a-5,5.795613072,4.395706177,4.121456146,4.325162888,4.268724442,4.042955399,4.139151573,4.430914402,4.532505989,4.16021204,4.398021698
O=C(Nc1cncc2ccccc12)C1CN(S(=O)(=O)CC2CS(=O)(=O)C2)Cc2ccc(Cl)cc21,-9.0,-8.8,-8.8,-8.8,-8.7,-8.6,-8.6,-8.6,-8.6,-8.5,PostEra-EDJ-MED-4fff0a85-4,6.89222137,5.00398016,4.936167717,4.929138184,5.090787411,4.976213455,5.05381012,5.060001373,4.74023819,5.035003185,4.985889912
NC(=O)c1cc2c(NC(=O)C3CCOc4ccc(Cl)cc43)cncc2s1,-7.5,-7.3,-7.1,-7.0,-7.0,-7.0,-7.0,-7.0,-7.0,-6.9,PostEra-MAT-POS-14f31916-2,6.118791189,4.836062908,5.269376278,5.171516895,4.939241409,4.990664959,5.259743214,5.139681339,5.164577007,5.220144749,5.173455715
COc1cccc2[nH]c(C(=O)N3CC4(CCCCC4)CC3C(=O)N[C@H](C#N)CC3CCC(C)(C)NC3=O)cc12,-8.9,-8.7,-8.4,-8.0,-8.0,-7.7,-7.6,-7.5,-7.5,-7.4,GoStar-gvk_125437196,5.110924374,5.369681835,5.220125675,5.132946014,5.534531593,5.460791111,5.270397186,5.463310719,5.331323624,5.30435276,5.311819553
CNC(=O)CN1CC2(CCN(c3cncc4ccccc34)C2=O)c2cc(Cl)ccc2C1=O,-8.2,-8.0,-7.9,-7.8,-7.7,-7.7,-7.6,-7.6,-7.6,-7.5,PostEra-EDJ-MED-8bb691af-8,6.972320814,5.121127605,5.433709621,5.097414494,5.314714909,5.441015244,5.205774784,5.31137991,5.081830502,5.41988039,5.40926075
CNC(=O)CN1CC(C(=O)Nc2cncc3c2CCCC3)c2cc(Cl)ccc2C1=O,-8.1,-8.1,-8.1,-8.1,-7.7,-7.7,-7.7,-7.7,-7.6,-7.6,PostEra-ALP-POS-4483ae88-3,6.34827527,4.988062382,5.142006397,5.151605129,5.124257565,5.054181576,5.019584179,5.022670746,5.037894726,5.062883377,5.05320406
CS(=O)(=O)NCC1(C(=O)Nc2cncc3ccccc23)CCOc2ccc(Cl)cc21,-8.0,-7.8,-7.8,-7.8,-7.6,-7.5,-7.3,-7.3,-7.3,-7.2,PostEra-MAT-POS-e6dd326d-4,5.412083011,5.145187378,5.368213654,5.113904953,5.295086384,5.32114172,5.144699097,5.213243008,5.241623878,5.054161549,5.156163692
COC(=O)C(C)NC(=O)C(c1cccnc1)N(C(=O)c1cocn1)c1ccc(C(C)(C)C)cc1,-7.2,-7.1,-6.9,-6.9,-6.7,-6.6,-6.5,-6.5,-6.5,-6.5,PostEra-ALP-POS-88a7a97e-5,5.144093415,5.236352444,5.194154263,5.200428009,5.242499352,5.185562134,5.189324379,5.207944393,5.189996243,5.189337254,5.227752209
N#CN1CC(F)(F)C[C@@H]1C(=O)N(c1ccc(S(F)(F)(F)(F)F)cc1)C(C(=O)NC1CCC(F)(F)CC1)c1cccnc1,-8.6,-8.6,-8.5,-8.3,-8.2,-8.2,-8.1,-8.0,-7.9,-7.8,GoStar-gvk_125468647,5.698970004,5.375320435,5.378898621,5.380975246,5.354380131,5.364770412,5.412329674,5.393092632,5.342427731,5.44389677,5.419266224
CNC(=O)CN1CC(C(=O)Nc2cncc3ccc(NS(C)(=O)=O)cc23)c2cc(Cl)ccc2C1=O,-9.1,-9.0,-8.1,-7.8,-7.5,-7.5,-7.4,-7.4,-7.3,-7.2,PostEra-MAT-POS-2e8b2191-11,7.177414398,5.179544926,5.112121582,5.183610439,5.112938881,5.203258038,5.324037075,5.420509815,5.152798653,5.061295986,5.332533836
O=C(NCC(c1ccccc1)c1ccccc1)C(c1cccnc1)N(C(=O)c1ccco1)c1ccc(-c2ccccc2)cc1,-8.7,-8.7,-8.7,-8.7,-8.3,-8.3,-8.2,-8.2,-8.2,-8.1,Kitamura-39,5.829738285,5.491577148,5.408349991,5.427745342,5.35240221,5.421580315,5.40611124,5.5759902,5.478739262,5.567207336,5.469500065
CC(C)C[C@H](NC(=O)OC(Cc1ccccc1)c1ccccc1)C(=O)N[C@H](C=O)C[C@@H]1CCNC1=O,-7.8,-7.6,-7.6,-7.5,-7.5,-7.5,-7.5,-7.4,-7.3,-7.3,GoStar-gvk_125563826,7.795880017,4.989309788,4.969119549,5.499036312,5.2050457,5.004504681,5.275735855,5.408102512,5.027239323,4.852086544,5.165279388
CCCCC[C@H](NC(=O)OC(c1ccccc1)C(C)(C)c1cccc(Cl)c1)C(=O)N[C@@H](C[C@@H]1CCNC1=O)C(=O)C(=O)NC1CC1,-8.0,-7.6,-7.6,-7.5,-7.5,-7.5,-7.5,-7.5,-7.4,-7.4,GoStar-gvk_125564077,6.431798276,5.370930195,4.961481571,5.034500599,5.065505028,5.082850933,4.983379364,5.18073988,5.042885303,5.043413639,5.458535671
O=C(Nc1cncc2ccccc12)C1CN(C2CCNC2=O)C(=O)c2ccc(Cl)cc21,-8.6,-8.6,-8.6,-8.6,-8.5,-8.3,-8.2,-8.1,-8.1,-8.0,PostEra-EDJ-MED-12c4873b-6,6.144560963,5.276542187,5.104717731,5.159594536,5.115076542,5.102741241,5.380164146,5.072763443,5.43691349,5.289656162,5.291203022
Cn1ncc2cncc(NC(=O)C3CN(S(=O)(=O)CC4(C#N)CC4)Cc4ccc(Cl)cc43)c21,-7.6,-7.6,-7.5,-7.5,-7.5,-7.5,-7.4,-7.4,-7.3,-7.3,PostEra-MAT-POS-bfd29aac-1,5.596805127,4.968178749,4.537292957,4.533526897,5.054479122,4.963481903,4.623881817,4.488463402,4.433433533,4.547962666,4.883915901
O=C(NCc1ccccc1)[C@@H]1CN(C(=O)CCl)CCN1S(=O)(=O)c1ccsc1,-7.3,-7.2,-7.1,-7.1,-7.0,-6.9,-6.8,-6.8,-6.8,-6.7,PostEra-DAN-MCD-b3a5626f-1,6.299767974,4.288956642,4.450680256,4.260845184,4.451552391,4.458179951,4.364487648,4.456607819,4.266647816,4.362047195,4.287130356
COc1ccc(Cl)c2[nH]c(C(=O)N3CC4(CCCCC4)CC3C(=O)N[C@H](C#N)CC3CCCNC3=O)cc12,-8.1,-8.0,-7.8,-7.7,-7.7,-7.6,-7.6,-7.5,-7.5,-7.5,GoStar-gvk_125437438,5.831854088,5.165983677,5.306754589,5.257278442,5.254751205,5.278376579,5.411911964,5.322093964,5.262372494,5.399158955,5.369297504
COC1(C(=O)Nc2cncc3ccncc23)CCOc2ccc(Cl)cc21,-7.2,-6.9,-6.9,-6.7,-6.6,-6.6,-6.5,-6.5,-6.4,-6.4,PostEra-MAT-POS-a5ef2d74-3,6.079980776,5.083837032,5.122487068,5.148676395,5.237112522,5.399877548,5.221158981,5.005357265,4.912168503,5.078835487,4.925625324
O=C(Cc1cccc(Cl)c1)Nc1cncc2cc(F)cc(Cl)c12,-7.5,-7.3,-7.3,-7.0,-7.0,-7.0,-7.0,-6.9,-6.9,-6.7,PostEra-EDJ-MED-c5ca5386-1,6.143723818,5.01120615,4.977766037,4.942223072,4.994617939,5.015135288,5.010802746,4.897341728,4.819152355,4.935523033,4.997733593
CNC(=O)C1(N2CC(C(=O)Nc3cncc4ccccc34)c3cc(Cl)ccc3C2=O)CC1,-8.1,-7.8,-7.7,-7.6,-7.5,-7.4,-7.4,-7.3,-7.3,-7.3,PostEra-EDJ-MED-12c4873b-2,7.257016463,5.059627056,5.11954689,5.084081173,5.232237816,5.270097733,5.168431282,5.303466797,5.357729435,5.142480373,5.071133614
N#CC1CN(S(=O)(=O)NCc2ccc(Cl)cc2CC(=O)Nc2cncc3ccccc23)C1,-7.5,-7.0,-7.0,-6.9,-6.9,-6.8,-6.8,-6.7,-6.6,-6.6,PostEra-ALP-POS-d054b76b-5,6.637162983,5.006441593,4.956600189,5.042085648,5.010480404,4.90925312,4.871269226,4.94631815,4.937979698,4.913759232,5.039237976
COc1cccc2[nH]c(C(=O)N3CC4(CC4)C[C@H]3C(=O)N[C@@H](C[C@@H]3CCNC3=O)C(=O)CO)cc12,-7.9,-7.6,-7.5,-7.4,-7.4,-7.4,-7.4,-7.3,-7.3,-7.3,GoStar-gvk_125509551,7.698970004,5.266973972,5.021062851,5.166862488,5.148363113,5.413257599,5.247920513,5.448570251,5.32738018,5.164743423,5.236440659
CC(C)C[C@H](NC(=O)OCc1ccccc1)C(=O)N[C@@H](CC1CCNC1=O)C(O)S(=O)(=O)O,-8.1,-8.1,-7.9,-7.8,-7.8,-7.8,-7.7,-7.6,-7.6,-7.6,PostEra-JOH-MSK-46727e7b-1,7.399777088,4.444906235,4.300085068,4.361532211,4.357535362,4.365013123,4.390004635,4.329768658,4.452160358,4.429057598,4.534973621
CC(C)(C)c1ccc(N(C(=O)[C@H]2C[C@@H](O)CN2C#N)C(C(=O)NC2CCCCC2)c2cncc3ccccc23)cc1,-7.3,-7.1,-7.0,-6.9,-6.8,-6.8,-6.8,-6.7,-6.7,-6.7,GoStar-gvk_125468569,5.698970004,5.214956284,5.238972187,5.342805862,5.272111893,5.418811321,5.379072189,5.339928627,5.248994827,5.388715744,5.472099781
CC1(C(=O)Nc2cncc3ccc(F)cc23)CNS(=O)(=O)c2ccc(Cl)cc21,-8.3,-8.2,-8.0,-8.0,-8.0,-7.8,-7.8,-7.6,-7.6,-7.6,PostEra-MAT-POS-c88128cb-12,6.355101241,5.203918457,5.171451092,5.197990417,5.232723713,5.058392525,5.168674946,5.302635193,5.161971092,5.219612598,5.466882706
O=C(Nc1cncc2ccccc12)C(NC[C@@H]1CC[C@H](C(=O)N2CCCC2)O1)c1cccc(Cl)c1,-8.9,-8.8,-8.7,-8.7,-8.7,-8.7,-8.6,-8.6,-8.6,-8.5,PostEra-EDJ-MED-cf4b0d25-2,5.557574389,5.250354767,5.165526867,5.199467182,5.326416969,5.167001724,5.162247181,5.265300751,5.170589447,5.235594273,5.151258469
N#CC1(CS(=O)(=O)N2Cc3ccc(Cl)cc3[C@]3(CC(=O)N(c4cncc5ccccc45)C3=O)C2)CC1,-7.9,-7.8,-7.7,-7.7,-7.6,-7.5,-7.4,-7.4,-7.3,-7.3,PostEra-LUO-POS-868e8996-10,4.520302905,5.376646042,5.281641483,5.323215961,5.225765705,5.358915806,5.396130562,5.274465084,5.248392582,5.324931145,5.364336491
CC(C)C[C@H](NC(=O)OC(c1ccc(Cl)cc1)C(C)(C)c1cccc(Cl)c1)C(=O)N[C@H](C=O)C[C@@H]1CCNC1=O,-7.3,-7.2,-7.2,-7.0,-7.0,-6.9,-6.9,-6.9,-6.8,-6.7,GoStar-gvk_125564034,6.283996656,5.492015839,5.298609734,5.368059158,5.231012344,5.124732018,4.988998413,5.305310249,5.447180271,5.159404278,5.303910255
CCOC(=O)c1ncoc1CNC(=O)C(c1cccnc1)N(C(=O)c1cocn1)c1ccc(C(C)(C)C)cc1,-7.3,-7.3,-7.0,-7.0,-7.0,-6.9,-6.9,-6.9,-6.8,-6.7,PostEra-ALP-POS-88a7a97e-49,5.230730276,5.372695446,5.272322178,5.291864395,5.181220055,5.389782906,5.403999805,5.183654308,5.319047928,5.34500885,5.198864937
C=CC(=O)N(c1ccc(C(C)(C)C)cc1)C(C(=O)NCCCSC)c1cccnc1,-6.6,-6.4,-6.4,-6.3,-6.3,-6.3,-6.1,-6.1,-6.1,-6.1,PostEra-LON-WEI-adc59df6-10,4.594003879,5.117400169,4.99834013,5.169893265,5.018918037,4.995240211,5.155388832,5.033381462,5.236616611,5.121765614,5.158782482
CN1C[C@H](C(=O)N(c2ccc(S(F)(F)(F)(F)F)cc2)C(C(=O)NC2CCOCC2)c2cccnc2)N(C#N)CC1=O,-7.7,-7.6,-7.5,-7.5,-7.5,-7.3,-7.3,-7.2,-7.2,-7.1,GoStar-gvk_125468501,5.698970004,5.361969948,5.314630985,5.186335564,5.269253731,5.153821945,5.290222645,5.220728874,5.309137821,5.317369461,5.256119251
O=C(Cc1cc(Cl)cc(N2CCN(C(=O)c3ccco3)CC2)c1)Nc1cncc2ccccc12,-8.3,-8.0,-7.9,-7.9,-7.9,-7.8,-7.7,-7.6,-7.6,-7.6,PostEra-LON-WEI-9739a092-6,6.142366703,5.168039799,5.20110321,5.210295677,5.087914467,5.185966015,5.23264122,5.234320641,5.144763947,5.248208046,5.323675632
Sc1nnnn1-c1ccccc1,-4.8,-4.8,-4.7,-4.7,-4.7,-4.7,-4.6,-4.6,-4.6,-4.4,CHEMBL226652,5.627087997,4.961335659,5.005800247,4.985709667,4.950255871,4.966386795,4.543883324,4.529863834,5.010982513,4.992950916,4.950876713
CNC(=O)C1(CC(=O)Nc2cncc3ccccc23)CCOc2ccc(Cl)cc21,-7.8,-7.7,-7.6,-7.4,-7.3,-7.3,-7.3,-7.2,-7.2,-7.2,PostEra-MAT-POS-78e1d523-2,4.512858016,5.219920158,5.076665878,5.028722286,5.106109142,5.081635475,5.058970451,5.236477375,5.101374149,5.235541344,5.306222916
CC(C)C[C@H](NC(=O)OC(c1ccc(F)cc1)C(C)(C)c1cccc(Cl)c1)C(=O)N[C@H](C=O)C[C@@H]1CCNC1=O,-7.6,-7.5,-7.5,-7.5,-7.5,-7.4,-7.4,-7.4,-7.4,-7.3,GoStar-gvk_125564026,10.0,5.197449684,5.054592609,5.440466881,5.324136257,5.060652733,5.294993401,5.114066601,5.425895691,5.376710415,5.264359474
COC(=O)[C@@H]1C[C@H](NC(=O)C(c2cccnc2)N(C(=O)c2cocn2)c2ccc(C(C)(C)C)cc2)CN1C(=O)OC(C)(C)C,-7.9,-7.8,-7.7,-7.6,-7.6,-7.6,-7.6,-7.5,-7.5,-7.5,PostEra-ALP-POS-88a7a97e-40,5.575602311,5.161223888,5.078652859,5.116767883,5.04609251,5.267157555,5.103448868,5.160251141,5.196681976,5.075446606,5.117991447
O=C(Nc1cncc2c1CCCC2)[C@@H]1CNS(=O)(=O)c2ccc(Cl)cc21,-8.4,-8.0,-7.7,-7.6,-7.5,-7.5,-7.5,-7.4,-7.4,-7.4,PostEra-MIK-UNK-78dbf1b8-1,6.687952807,5.127709866,5.355817318,5.025446415,5.135753632,5.140080929,4.912642002,4.96924448,5.055084705,5.056340694,5.160507679
CC(C)C[C@H](NC(=O)OC1CCN(C(=O)OC(C)(C)C)CC1)C(=O)N[C@@H](C[C@@H]1CCNC1=O)C(O)S(=O)(=O)[O-],-7.6,-7.5,-7.5,-7.5,-7.4,-7.4,-7.3,-7.3,-7.3,-7.2,GoStar-gvk_125563839,6.93930216,4.246161461,4.52344799,4.312580585,4.21228838,4.619771004,4.239877224,4.497571945,4.557948589,4.537470818,4.277723789
O=C(CCl)N1CCCN(S(=O)(=O)c2cc(F)ccc2F)CC1,-6.9,-6.8,-6.8,-6.8,-6.7,-6.7,-6.7,-6.6,-6.6,-6.6,PostEra-BEN-DND-76ad4ac9-10,4.916274675,4.311667442,4.354822159,4.236497402,4.421228886,4.502502441,4.568306923,4.403029919,4.530751228,4.237196922,4.233066082
CCNC(=O)C(=O)[C@H](C[C@@H]1CCNC1=O)NC(=O)[C@H](CC1CCCCC1)NC(=O)OC(c1ccccc1)C(C)(C)c1cccc(Cl)c1,-8.7,-8.7,-8.7,-8.7,-8.5,-8.5,-8.4,-8.3,-8.3,-8.2,GoStar-gvk_125563999,6.469800302,5.188082695,5.142846107,5.045884609,5.197067738,5.040730476,5.4479146,5.15139246,5.14333725,5.048331738,4.996118546
Cc1noc(C)c1S(=O)(=O)N1CCN(C(=O)CCl)CC1,-6.4,-6.2,-6.1,-6.1,-6.0,-6.0,-6.0,-5.9,-5.9,-5.9,PostEra-MAR-TRE-6a44bbf2-24,5.391167912,4.387775421,4.409739494,4.468841553,4.448792934,4.257716179,4.38724041,4.165428638,4.154689312,4.187811852,4.348485947
N#CC1(CS(=O)(=O)N2Cc3ccc(Cl)cc3[C@H](C(=O)Nc3cncc4ccccc34)C2)CNC1,-8.2,-8.2,-7.8,-7.8,-7.8,-7.8,-7.7,-7.7,-7.7,-7.7,PostEra-MAT-POS-777f5926-4,7.151458046,5.031836033,5.013165474,5.026240826,4.966707706,5.153749943,5.036697865,5.075882435,5.060075283,5.032755852,5.002879143
CC(C)(C)c1ccc(N(C(=O)c2ncc[nH]2)C(C(=O)NCCc2cccc(F)c2)c2cccnc2)cc1,-7.7,-7.6,-7.4,-7.2,-7.2,-7.1,-7.1,-7.1,-7.1,-7.1,PostEra-ALP-POS-02c6a514-46,5.276911626,5.481698036,5.340474129,5.347805023,5.286595821,5.342866898,5.287826061,5.28113699,5.268805981,5.341425896,5.368445873
NC(=O)N1Cc2ccc(Cl)cc2C(C(=O)Nc2cncc3ccccc23)C1,-7.7,-7.6,-7.5,-7.4,-7.4,-7.3,-7.3,-7.2,-7.1,-7.1,PostEra-MAT-POS-dd3ad2b5-3,6.601894972,4.968017578,5.383687019,5.277792931,5.245640278,5.060601234,4.822785378,5.209908485,4.981374741,5.346339226,5.133185863
N#CC1(CS(=O)(=O)N2Cc3ccc(Cl)cc3C3(CCN(c4cncc5ccccc45)C3=O)C2)CCOCC1,-8.5,-8.2,-8.0,-8.0,-7.9,-7.9,-7.9,-7.9,-7.9,-7.8,PostEra-ALP-POS-ecbed2ba-11,6.470654969,5.224206448,5.255671024,5.208838463,5.252673626,5.122611046,5.161821842,5.150746822,5.213706017,5.276493549,5.308000565
C[C@H](NC(=O)C(c1cccnc1)N(C(=O)c1ccco1)c1ccc(-c2ccco2)cc1)c1ccccc1,-8.3,-8.2,-8.0,-7.9,-7.9,-7.8,-7.7,-7.5,-7.5,-7.4,Kitamura-18,5.595166283,5.286099911,5.245508194,5.243617058,5.282576084,5.341176033,5.362570286,5.211545467,5.200410843,5.367136002,5.383904457
COc1cccc2[nH]c(C(=O)N[C@@H](CC(C)(C)C)C(=O)N[C@H](C#N)C[C@@H]3CCCNC3=O)cc12,-7.9,-7.7,-7.5,-7.3,-7.3,-7.2,-7.2,-7.1,-7.1,-6.9,GoStar-gvk_125392095,5.698970004,5.368209362,4.820250511,4.858407021,5.293409824,5.16094923,4.881685734,4.882055283,5.21377182,4.887410164,4.649932861
O=CC(CC1CC(Cc2ccccc2)NC1=O)NC(=O)[C@H](CC1CCCCC1)NC(=O)OCc1cccc(Cl)c1,-8.0,-7.9,-7.9,-7.9,-7.8,-7.8,-7.8,-7.6,-7.6,-7.6,GoStar-gvk_125563787,6.301029996,5.433248997,5.214922428,5.278208256,5.289062977,5.208031654,5.517250061,5.284982204,5.270927429,5.232758522,5.24363327
COC1CN(S(=O)(=O)N2Cc3ccc(Cl)cc3C(C(=O)Nc3cncc4ccccc34)C2)C1,-7.9,-7.7,-7.6,-7.5,-7.4,-7.4,-7.4,-7.3,-7.3,-7.2,PostEra-EDJ-MED-1981ceba-3,7.155211434,4.978158951,5.034950733,4.924372196,5.043187618,5.021549225,4.741996765,5.155861855,5.134153366,4.982317448,4.98024559
CN(C(=O)[C@@H](NC(=O)C(F)(F)F)C(C)(C)C)[C@@H](CC1CC1)C(=O)N[C@H](C#N)C[C@@H]1CCCNC1=O,-6.8,-6.6,-6.6,-6.5,-6.4,-6.4,-6.3,-6.3,-6.3,-6.3,GoStar-gvk_125493505,5.698970004,4.494098663,4.490641117,4.405557632,4.433797836,4.473029613,4.488282204,4.411775589,4.367522717,4.54858923,4.44181633
O=C(Nc1cncc2ccccc12)C1(CNCc2cn(CC3CCCO3)nn2)CCOc2ccc(Cl)cc21,-8.6,-8.5,-8.5,-8.5,-8.4,-8.4,-8.2,-8.1,-8.0,-8.0,PostEra-MAT-POS-24589f88-4,5.068526722,5.171171188,5.126086712,5.162054062,5.412124157,5.146149635,5.127690792,5.324323177,5.290289879,5.03895092,5.223946095
CC1(CS(=O)(=O)N2Cc3ccc(Cl)cc3C3(CCN(c4cncc5ccccc45)C3=O)C2)CC1,-8.2,-8.2,-8.1,-8.0,-7.9,-7.6,-7.5,-7.4,-7.4,-7.3,PostEra-ALP-POS-ecbed2ba-3,6.576259716,5.068514347,5.133346558,5.138963699,5.159015179,5.183572292,5.157253265,5.53401041,5.145544052,5.506280899,5.083871841
CC(C)C[C@H](NC(=O)OC(c1ccc(Cl)cc1)C1(c2cccc(Cl)c2)CC1)C(=O)N[C@H](C=O)C[C@@H]1CCNC1=O,-7.5,-7.4,-7.4,-7.0,-7.0,-6.9,-6.8,-6.8,-6.8,-6.8,GoStar-gvk_125563969,10.11918641,5.038653851,5.349070549,5.363768578,5.274208069,4.960398197,5.033944607,5.566680908,5.274540901,5.077547073,5.098949909
O=C1NCC[C@H]1C[C@H](NC(=O)[C@@H]1[C@H]2CCC[C@H]2CN1C(=O)c1cc2c(Cl)cc(Oc3ccccc3)cc2[nH]1)C(=O)CO,-8.2,-8.2,-8.0,-8.0,-7.9,-7.8,-7.8,-7.8,-7.7,-7.7,GoStar-gvk_125509665,7.698970004,5.36849165,5.34800005,5.325003624,4.973130226,5.408224106,5.317472458,5.406883717,5.058604717,5.308124065,5.010403633
COc1cccc2[nH]c(C(=O)N[C@H](C(=O)N[C@H](C#N)C[C@@H]3CCNC3=O)C3CC4CC4C3)cc12,-8.3,-8.1,-8.1,-8.1,-8.1,-7.9,-7.8,-7.7,-7.6,-7.5,GoStar-gvk_125391943,5.698970004,5.076681137,5.212244511,5.115361691,5.120008469,5.124876022,5.343305588,5.132250786,5.2181077,5.28185463,5.103328228
CC(C)C[C@H](NC(=O)[C@@H](NC(=O)OCc1ccccc1)C(C)OC(C)(C)C)C(=O)N[C@H](C=O)C[C@@H]1CCNC1=O,-7.2,-7.2,-7.1,-7.1,-7.1,-7.1,-7.1,-6.9,-6.8,-6.7,GoStar-gvk_124984450,7.22184875,4.419960022,4.603367805,4.580000401,4.582058907,4.408273697,4.508819103,4.55632019,4.56174469,4.629542351,4.574206352
CC(NC(=O)C1CCC(=O)NC1)(C(=O)Nc1cncc2ccccc12)c1ccc(Cl)c(Cl)c1,-8.4,-8.2,-8.2,-8.2,-8.2,-8.1,-8.0,-7.9,-7.9,-7.8,PostEra-MAT-POS-e9e99895-3,5.38763376,5.109901428,5.221821785,5.197482109,5.290092945,5.256690025,5.16524744,5.035157681,5.265417099,5.119516373,5.10423851
O=C(Nc1cncc2ccccc12)C1CN(S(=O)(=O)N2CCC2)Cc2ccc(Cl)cc21,-8.5,-8.2,-8.1,-8.0,-8.0,-7.9,-7.9,-7.9,-7.8,-7.7,PostEra-EDJ-MED-1981ceba-2,6.801132672,5.116453648,4.99684906,4.849199772,5.001040936,5.103517056,4.972163677,4.586791039,5.019832611,5.004430294,4.865425587
CO[C@@H]1C[C@H](C(=O)N(c2ccc(S(F)(F)(F)(F)F)cc2)C(C(=O)NCCc2cccc(F)c2)c2cccnc2)N(C#N)C1,-7.3,-7.1,-7.0,-7.0,-7.0,-7.0,-7.0,-7.0,-7.0,-6.9,GoStar-gvk_125468794,5.698970004,5.314922333,5.344358921,5.366161346,5.363338947,5.36556673,5.414874077,5.269098282,5.313811302,5.3359828,5.324776649
N#CC1(CS(=O)(=O)N2Cc3ccc(Cl)cc3C3(CCN(c4cncc5c4CCCC5)C3=O)C2)CC1,-7.9,-7.6,-7.6,-7.5,-7.3,-7.3,-7.3,-7.2,-7.1,-7.1,PostEra-EDJ-MED-705e09b8-2,6.288571686,5.261018276,5.155264378,5.207303524,5.204481125,5.25055027,5.357345581,5.344581604,5.209672928,5.338368893,5.30040741
CC(C)(C)c1ccc(N(C(=O)c2cocn2)C(C(=O)NCC(=O)Nc2cccc([N+](=O)[O-])c2)c2cccnc2)cc1,-8.4,-8.4,-8.3,-8.1,-8.1,-8.1,-8.0,-7.9,-7.8,-7.8,PostEra-ALP-POS-88a7a97e-20,4.842367297,5.303992748,5.282124996,5.262069702,5.269031048,5.184477329,5.224189758,5.310693264,5.323359013,5.365670204,5.324228764
N#CN1CCC(F)(F)C1C(=O)N(c1ccc(S(F)(F)(F)(F)F)cc1)C(C(=O)NC1CCOCC1)c1cncc(F)c1,-7.4,-7.3,-7.3,-7.1,-7.1,-7.1,-7.1,-7.1,-7.1,-7.0,GoStar-gvk_125468839,5.698970004,5.373083115,5.21306181,5.376404762,5.213263512,5.389825344,5.307174683,5.282819748,5.231093407,5.313993454,5.345001698
O=C(Cc1ccc(Cl)cc1)Nc1cncc2ccccc12,-6.7,-6.7,-6.6,-6.6,-6.5,-6.3,-6.2,-6.2,-6.2,-6.2,PostEra-RAL-THA-2d450e86-2,4.625456837,4.911375523,5.040142536,5.066802979,4.801086426,4.810238361,4.830618858,4.914147377,4.765271664,5.237434864,4.842365742
CC(=O)N1CCc2ccc(Cl)cc2C1C(=O)Nc1cncc2ccccc12,-7.7,-7.6,-7.5,-7.5,-7.4,-7.4,-7.3,-7.3,-7.3,-7.2,PostEra-EDJ-MED-b774e9fe-1,5.544418424,5.286683083,5.238495827,5.260819435,5.080842495,5.100172997,5.021624088,5.062784195,5.205793858,5.228471756,4.998997211
CCCCc1nc(-c2nccn2CCc2ccccn2)c[nH]1,-6.6,-6.5,-6.4,-6.4,-6.3,-6.2,-6.2,-6.2,-6.2,-6.1,PostEra-MAT-POS-ea426761-52,4.662674678,4.798731804,4.878612995,4.932370186,4.526170254,4.813250542,4.732269287,4.872036457,4.77568531,4.718578815,4.643911839
O=C(CCl)N1CCC(c2nc(-c3cccnc3)nc3ccccc23)CC1,-8.0,-7.9,-7.9,-7.8,-7.6,-7.6,-7.4,-7.4,-7.4,-7.4,PostEra-WAR-XCH-b0339bbe-19,4.740520382,4.918245792,5.018811226,5.123999596,5.06205225,4.994643211,5.095368385,4.935637951,4.927686691,5.111791611,4.936044693
N#CN1C[C@@H]2CC[C@@H]2[C@@H]1C(=O)N(c1ccc(S(F)(F)(F)(F)F)cc1)C(C(=O)NC1CCC(F)(F)CC1)c1cncc(F)c1,-7.7,-7.6,-7.5,-7.4,-7.3,-7.2,-6.9,-6.9,-6.8,-6.8,GoStar-gvk_125468658,5.056686837,5.274831772,5.285540104,5.312836647,5.280498028,5.499804974,5.315932274,5.380134583,5.265676022,5.283215046,5.469331264
O=C1N(c2cncc3ccccc23)CCC12CN(S(=O)(=O)CC1(C(F)F)CC1)Cc1ccc(Cl)cc12,-8.4,-7.8,-7.8,-7.7,-7.7,-7.6,-7.6,-7.4,-7.4,-7.4,PostEra-EDJ-MED-5cd3920d-5,6.808685377,5.102704048,5.407598495,5.208176136,5.221024513,5.334797382,5.211972237,5.376366615,5.206305504,5.22153616,5.2333951
O=C(Cc1cc(Cl)cc(Oc2cccc(=O)[nH]2)c1)Nc1cncc2ccccc12,-7.8,-7.8,-7.7,-7.7,-7.7,-7.5,-7.5,-7.4,-7.3,-7.3,PostEra-MAT-POS-9ff17035-2,5.704294224,5.184206486,5.259968758,5.127829552,5.045681477,5.305375099,5.134989262,5.083500385,5.250912189,4.976938725,5.010100842
N#C[C@H](C[C@@H]1CCNC1=O)NC(=O)[C@H](CC1CC1)NC(=O)c1cc2c(C3CC3)cccc2[nH]1,-7.8,-7.5,-7.5,-7.3,-7.2,-7.1,-7.1,-7.0,-7.0,-6.9,GoStar-gvk_125392205,5.698970004,5.125484467,5.294795513,5.175801277,5.095404625,5.198010445,5.238569736,5.151117325,4.965426445,5.05058527,5.143410683
N#CC1(CS(=O)(=O)N2Cc3ccc(Cl)cc3[C@@H](C(=O)Nc3cncc4ccccc34)C2)CCOCC1,-8.5,-8.0,-8.0,-7.9,-7.9,-7.9,-7.8,-7.8,-7.7,-7.7,PostEra-MAT-POS-bf364d7a-10,4.817265831,5.031785011,5.227396488,5.114136219,5.192182064,5.21118021,5.111693382,5.18020153,5.063156605,5.023660183,5.232173443
Cc1ccncc1NC(=O)[C@H]1CCOc2ccc(Cl)cc21,-6.7,-6.5,-6.4,-6.3,-6.3,-6.2,-6.1,-6.0,-6.0,-6.0,PostEra-MAT-POS-b3e365b9-3,5.305721442,4.919324398,4.941207886,5.087803841,4.990026951,5.089195251,4.670320988,5.031174183,4.703001022,4.953097343,5.048696995
CS(=O)(=O)c1ccc2cncc(NC(=O)C3CCOc4cc(F)c(Cl)cc43)c2c1,-8.2,-7.6,-7.4,-7.4,-7.4,-7.4,-7.4,-7.3,-7.3,-7.3,PostEra-MAT-POS-96f51285-4,5.801064218,5.452527523,5.11311245,5.153332233,5.11797905,4.984152317,5.231111526,4.920217037,5.198107243,5.1924119,5.013555527
O=C(Cc1cc(Cl)ccn1)Nc1cncc2ccccc12,-6.9,-6.8,-6.7,-6.7,-6.7,-6.7,-6.6,-6.5,-6.5,-6.4,PostEra-PET-UNK-3c72d439-1,5.46887016,4.817419052,4.856144428,4.862923145,4.978742599,4.755931854,5.085395813,4.90816927,4.810367584,5.176813126,4.873447418
O=C(Nc1cncc2c1CCCC2)[C@H]1CNS(=O)(=O)c2ccc(Cl)cc21,-7.6,-7.6,-7.4,-7.4,-7.3,-7.3,-7.2,-7.1,-7.0,-7.0,PostEra-MIK-UNK-58cd43d0-1,6.140642685,5.108113289,5.08938694,5.07331562,5.138335705,5.20060873,5.048017502,4.855558395,5.096762657,4.842879295,5.189649582
C[C@H]1COC2=C1C(=O)C(=O)c1c2ccc2c1CCCC2(C)C,-7.5,-7.3,-7.1,-7.0,-7.0,-6.8,-6.8,-6.8,-6.7,-6.7,GoStar-gvk_124987340,6.096910013,5.183740616,4.986489773,5.279334068,5.158465862,5.224908829,4.974621296,4.865287781,5.036196709,4.931306839,5.201285362
O=C(Cc1cc(Cl)ccc1Cl)Nc1cncc2ccccc12,-7.5,-7.0,-6.8,-6.7,-6.7,-6.7,-6.7,-6.7,-6.6,-6.6,PostEra-PET-UNK-dd44aeb6-2,5.991285937,4.935044289,5.13267374,5.197902679,4.841715336,4.873731136,5.098796368,4.885842323,4.96241045,4.944427967,4.957690239
COc1cccc2[nH]c(C(=O)N3C[C@@H]4CCCC[C@@H]4[C@H]3C(=O)N[C@@H](C[C@@H]3CCCNC3=O)C(=O)CO)cc12,-7.8,-7.6,-7.4,-7.4,-7.2,-7.2,-7.2,-7.2,-7.1,-7.1,GoStar-gvk_125509582,7.698970004,5.226856232,5.251664639,5.264276981,5.269280434,5.482183933,5.285077572,5.269621372,5.459194183,5.230890274,5.235198975
CN(C)S(=O)(=O)NCC1(C(=O)Nc2cncc3ccccc23)CCOc2ccc(Cl)cc21,-8.3,-8.2,-8.1,-8.0,-7.9,-7.9,-7.8,-7.7,-7.7,-7.5,PostEra-MAT-POS-e6dd326d-5,5.564621488,5.022060871,5.126094818,5.023272991,5.083379745,5.232769012,5.16226244,5.150624752,5.094247818,5.045300961,5.104362011
CO[C@@H]1C[C@H](C(=O)N(c2ccc(S(F)(F)(F)(F)F)cc2)C(C(=O)NC2CCC(F)(F)CC2)c2cnccc2C)N(C#N)C1,-7.8,-7.7,-7.6,-7.5,-7.4,-7.4,-7.4,-7.4,-7.4,-7.3,GoStar-gvk_125468740,5.698970004,5.374764442,5.379928589,5.332811832,5.368941784,5.367977619,5.367290974,5.351899624,5.369947433,5.362252712,5.318500042
COc1cccc(CC(=O)Nc2cncc3ccccc23)c1,-7.1,-7.1,-6.9,-6.9,-6.9,-6.8,-6.7,-6.6,-6.6,-6.6,PostEra-RAL-THA-2d450e86-11,4.516384044,4.827671051,5.140963554,5.00316906,4.890841484,4.775951862,5.101161003,5.232357025,4.839906216,4.78123045,4.879128933
O=C(Nc1cncc2ccccc12)C(O)c1ccc(Cl)c(Cl)c1,-7.3,-7.2,-7.1,-7.0,-7.0,-6.9,-6.9,-6.9,-6.8,-6.8,PostEra-MAT-POS-fce787c2-4,5.696023445,5.000011921,5.205962658,5.024390221,5.047616482,4.920009136,5.008837223,5.232433796,4.832072735,4.967875004,4.996848583
N#C[C@H]1C[C@H](C(=O)N(c2ccc(S(F)(F)(F)(F)F)cc2)C(C(=O)NC2CCC(F)(F)CC2)c2cncc(F)c2)N(C#N)C1,-8.2,-8.0,-7.9,-7.9,-7.8,-7.8,-7.5,-7.4,-7.3,-7.2,GoStar-gvk_125468664,5.698970004,5.423244953,5.269152641,5.254781246,5.391081333,5.394246101,5.361581802,5.276154518,5.281432152,5.386890411,5.31246376
CC(C)(C)c1ccc(N(C(=O)c2cocn2)C(C(=O)NC2CC(F)(F)C2)c2cccnc2)cc1,-8.4,-8.2,-8.2,-8.0,-7.9,-7.8,-7.8,-7.8,-7.8,-7.7,PostEra-ALP-POS-88a7a97e-39,5.629481561,5.415496826,5.106771469,5.092740059,5.340845585,5.147069454,5.127501011,5.178764343,5.212616444,5.144920349,5.216918468
N#C[C@H](C[C@@H]1CCCNC1=O)NC(=O)[C@H](CC1CC1)NC(=O)c1cc2c(Cl)cc(F)cc2[nH]1,-8.1,-7.9,-7.9,-7.5,-7.5,-7.4,-7.3,-7.2,-7.2,-7.1,GoStar-gvk_125436315,5.698970004,5.140665054,5.196648598,5.028838634,5.243418694,5.322140694,5.258504391,5.117507458,5.219866753,5.127755165,5.165320873
COc1cccc2[nH]c(C(=O)N[C@@H](CC(C)C)C(=O)N[C@@H](C[C@@H]3CCNC3=O)C(C#N)Nc3ccccc3)cc12,-8.6,-8.3,-8.2,-8.1,-8.0,-7.9,-7.9,-7.8,-7.8,-7.8,GoStar-gvk_125391771,5.698970004,5.245705605,5.330087185,5.219836712,5.287014008,5.184680939,5.325395107,5.269085407,5.298213005,5.310612679,5.324560165
COC(=O)/C=C/C(=O)N(C(=O)[C@@H]1CCOc2ccc(Cl)cc21)c1cncc2ccccc12,-7.1,-6.9,-6.9,-6.7,-6.6,-6.6,-6.6,-6.6,-6.6,-6.6,PostEra-DAR-DIA-5ff57136-9,6.30146229,5.230824947,5.276112556,5.101502895,5.297823906,5.48541832,5.210151672,5.231194973,5.271431446,5.280755043,5.095016003
Cc1ccncc1NC(=O)Cc1cc(Cl)cc(NC2CC2C(F)(F)F)c1,-7.4,-7.3,-7.2,-7.1,-7.0,-6.9,-6.9,-6.8,-6.8,-6.7,PostEra-MAT-POS-044491d2-3,4.596597654,5.053871632,5.157379627,5.160570145,4.966950893,5.162577629,5.094303131,5.209656715,4.899517059,5.161245346,5.003632545
CC(C)C[C@H](NC(=O)c1nc2c(OC(F)(F)F)cccc2[nH]1)C(=O)N[C@H](C#N)C[C@@H]1CCNC1=O,-8.3,-8.0,-7.7,-7.7,-7.6,-7.6,-7.5,-7.5,-7.3,-7.3,GoStar-gvk_125391807,5.698970004,4.967564583,4.998764515,4.753781796,4.942416668,4.975995541,4.920396328,4.86730814,4.973604679,4.85604763,4.98831892
CCCCN1C(=O)C(=O)c2cc(C(N)=O)ccc21,-6.4,-6.4,-6.3,-6.3,-6.3,-6.3,-6.1,-6.1,-5.9,-5.9,GoStar-gvk_125153447,4.749579998,4.871801853,4.618837357,4.816547394,4.848466396,4.776843071,4.835868835,4.851940155,4.760776043,4.651896477,4.919735909
CC(C)C[C@H](NC(=O)OC(c1ccccc1)C(C)(C)c1cccc(Cl)c1)C(=O)N[C@@H](C[C@@H]1CCNC1=O)C(=O)C(=O)NCCN(C)C,-7.8,-7.7,-7.6,-7.5,-7.5,-7.4,-7.4,-7.3,-7.3,-7.2,GoStar-gvk_125564048,5.943095149,4.995064259,5.060935974,5.002725124,4.984688282,5.042653084,4.948438644,5.012582779,4.959994316,4.947854996,4.963543415
O=C(Nc1cncc2ccccc12)C1CN(S(=O)(=O)N2CCOCC2)Cc2ccc(Cl)cc21,-8.0,-8.0,-7.9,-7.9,-7.7,-7.7,-7.6,-7.6,-7.5,-7.5,PostEra-EDJ-MED-1981ceba-1,6.86166922,5.32724905,4.714665413,4.528128624,5.242533684,5.180419922,4.868245125,4.701753616,4.7959342,4.793160915,4.774689198
COc1ccc(N(C(=O)c2cocn2)C(C(=O)NCCc2cccc(F)c2)c2cccnc2)cc1,-7.4,-7.4,-7.3,-7.3,-7.2,-7.2,-7.2,-7.2,-7.1,-7.1,PostEra-ALP-POS-ced8ea4d-19,4.654069663,5.148817062,5.232214451,5.23183012,5.17549181,5.16432476,5.216600895,5.240515709,5.176985741,5.171059608,5.14622879
CC(Sc1nnc(CN2CCCCC2)n1-c1ccccc1)C(=O)N1CCN(c2ccccc2)CC1,-7.7,-7.6,-7.6,-7.6,-7.5,-7.5,-7.5,-7.4,-7.4,-7.3,Z112980682,0.0,4.618190289,4.527347088,4.53187418,4.302802563,4.491145134,4.552321911,4.77824831,4.314944744,4.599110603,4.73263216
O=C(CS(=O)(=O)Nc1ccc(N2CCCCC2)cc1)NCc1ccc(CN2CCCCCC2)cc1,-7.6,-7.2,-7.2,-7.2,-7.1,-7.1,-7.1,-7.1,-7.1,-7.0,Z920743926,0.0,5.145324707,5.083200455,5.072517395,5.384716511,5.127980709,5.402316093,5.631625175,5.538711071,5.33697319,5.555314541
N#C/C(=C1/SC[C@@H](c2ccc(Cl)cc2Cl)S1)n1ccnc1,-6.0,-5.6,-5.5,-5.5,-5.4,-5.4,-5.3,-5.3,-5.3,-5.3,ZINC3929486,0.0,4.918274879,4.859565258,4.974127769,4.969876766,4.938133717,4.79142189,4.922330856,4.867604256,4.811202049,5.020733356
Cc1ccc(S(=O)(=O)N2CCOCCN(S(=O)(=O)c3ccc(C)cc3)CCOCC2)cc1,-8.3,-8.2,-7.9,-7.6,-7.6,-7.4,-7.3,-7.3,-7.3,-7.2,1161709,0.0,4.548932076,4.21771431,4.345960617,4.240129471,4.328617573,4.285869122,4.380182266,4.446004391,4.573665619,4.444271564
COc1cccc(C(=O)N2CCN(C(=O)COc3cccc(C)c3)CC2)c1OC,-7.6,-7.6,-7.3,-6.9,-6.9,-6.7,-6.7,-6.7,-6.7,-6.7,CHEMBL3827954,0.0,5.180418968,5.104902744,5.143781185,5.078772545,5.048181534,5.065840721,5.080691814,5.18026495,5.089232445,5.165818691
COc1ccc([C@@H]2N[C@H](C(=O)O)Cc3c2[nH]c2ccccc32)cc1CN1CCN(c2ccccc2F)CC1,-8.9,-8.9,-8.7,-8.4,-8.3,-8.3,-8.1,-8.1,-8.0,-8.0,ZINC57316928,0.0,5.294952869,5.369503975,5.319177151,5.300236702,5.267822742,5.216284275,5.291219711,5.474648476,5.402173996,5.454936981
O=C(Nc1ccc(Cl)cc1)C1CCCN(C(=O)c2cccc(-c3ccco3)c2)C1,-8.1,-7.9,-7.8,-7.8,-7.7,-7.6,-7.4,-7.4,-7.2,-7.2,CHEMBL2398678,0.0,5.027609348,5.067722321,5.064086437,5.2315979,5.082044601,5.062477589,5.061633587,5.034929752,4.984749794,5.020939827
Cc1nc2cc(C(=O)N3CCC4(CC3)CC(=O)c3c(cnn3C(C)C)C4)ccc2[nH]1,-7.9,-7.8,-7.6,-7.5,-7.5,-7.5,-7.5,-7.5,-7.4,-7.4,ZINC117445039,0.0,5.111191273,5.154818535,5.054814816,5.163154602,5.065144539,5.14298296,5.119259357,5.030160427,5.088542461,5.087676048
O=C(CCc1ncc(-c2ccccc2Cl)o1)NCc1ccc(S(=O)(=O)N2CCOCC2)cc1,-8.2,-7.9,-7.9,-7.8,-7.8,-7.7,-7.7,-7.6,-7.6,-7.6,13987632,0.0,5.024527073,4.994105816,5.05257988,4.927498817,5.237720966,5.399269581,4.994695663,5.032168865,5.001513958,5.024727821
O=C([C@@H]1CCCN(c2ccc3nc(C4(n5cc(Cl)cn5)CC4)[nH]c3n2)C1)N1CCCC1,-8.8,-8.1,-7.5,-7.3,-7.1,-7.0,-7.0,-6.8,,,ZINC205300675,0.0,8.287473679,5.025195122,5.00625515,5.087530136,5.231296539,5.165429592,5.162545681,5.103068352,5.06524229,
COc1ccc(CCn2c(=N)c(C(=O)NCC[NH+]3CCOCC3)cc3c(=O)n4ccccc4nc32)cc1OC,-8.4,-8.2,-8.2,-7.9,-7.9,-7.8,-7.8,-7.8,-7.8,-7.8,4561185,0.0,5.134008884,5.080503941,5.059652805,5.075541496,5.091344357,5.155536652,5.315917015,5.191199303,5.4171381,5.128424168
COc1ccc2cc3c(NC(=O)c4ccco4)nn(C)c3nc2c1,-7.6,-7.5,-7.4,-7.2,-7.2,-7.1,-6.9,-6.9,-6.9,-6.9,ZINC169341491,0.0,4.909407139,4.973268986,4.70241642,4.901900291,4.847447395,5.066130161,4.91071558,4.994131565,5.023139477,5.070014
S=C(NCc1ccc2c(c1)OCO2)N1CCN(c2ncnc3c2oc2ccccc23)CC1,-9.0,-8.6,-8.6,-8.4,-8.3,-8.1,-8.1,-8.0,-7.9,-7.9,CHEMBL2103851,0.0,5.111225605,5.139847279,5.195358276,5.165531635,5.091014862,5.278653145,5.280500889,5.08604002,5.080496311,5.236956596
N#Cc1cc(-c2n[nH]c(-c3ccncc3)n2)ccn1,-6.9,-6.8,-6.7,-6.7,-6.6,-6.5,-6.4,-6.4,-6.4,-6.4,CHEMBL1078685,0.0,5.02772522,4.470596313,4.482005596,5.050118446,5.048922539,4.735383511,4.691146851,4.674748898,4.98319912,5.000917435
Clc1cccc(C(c2ccc3nc[nH]c3c2)n2ccnc2)c1,-7.1,-7.0,-6.9,-6.9,-6.8,-6.8,-6.8,-6.8,-6.8,-6.8,CHEMBL389433,0.0,4.98870039,4.857340336,4.877221584,4.986164093,4.890622616,5.030002117,4.896838665,4.808980942,4.951479435,4.922453403
COc1ccc(CNc2nc(N3CCC[C@H]3CO)ncc2C(=O)NCc2ncccn2)cc1Cl,-7.8,-7.7,-7.7,-7.6,-7.6,-7.6,-7.5,-7.5,-7.3,-7.3,CHEMBL1963681,0.0,4.733140469,4.944715977,5.09593153,4.729378223,4.864822388,4.844046116,4.798192024,4.708298206,4.72051239,5.138374805
CCN(CC(=O)Nc1ccc2c(c1)OCCO2)C(=O)CCc1c(C)nc2c(c(C)nn2C)c1C,-7.5,-7.5,-7.4,-7.3,-7.3,-7.3,-7.3,-7.2,-7.2,-7.2,Z235810152,0.0,5.229413509,5.291641235,5.187659264,5.040842533,5.560461521,5.143737316,5.304528713,5.235492706,5.103251934,5.091650963
CC(C)CC1C(=O)NCCN1C(=O)CNS(=O)(=O)c1ccccc1[N+](=O)[O-],-6.8,-6.7,-6.7,-6.6,-6.6,-6.5,-6.4,-6.3,-6.3,-6.3,Z4911889386,0.0,4.379747391,4.389850616,4.587918758,4.447248459,4.33837986,4.29015398,4.374364376,4.389257431,4.272836685,4.4846735
CCCN(CCC)S(=O)(=O)N1CCN(C(=O)c2ccsc2S(N)(=O)=O)CC1,-6.3,-6.2,-6.1,-6.1,-6.0,-6.0,-6.0,-6.0,-5.9,-5.8,PV-001847295964,0.0,4.422490597,4.412559032,4.482372284,4.329586983,4.399502277,4.404605865,4.400983334,4.298289299,4.336409569,4.388922691
O=C(O)c1ccccc1Nc1cccc(C(F)(F)F)c1,-6.9,-6.7,-6.5,-6.5,-6.5,-6.4,-6.4,-6.4,-6.4,-6.2,CHEMBL23588,0.0,5.032827854,4.83220005,4.756299973,4.978025436,4.523861408,4.689403534,4.839552402,4.918198586,4.977227211,4.742123604
CC1(C)CNc2cc(NC(=O)c3cccnc3NCc3ccncc3)ccc21,-7.6,-7.5,-7.5,-7.5,-7.5,-7.4,-7.4,-7.4,-7.4,-7.2,ZINC18710082,0.0,5.126865864,4.996879578,5.044593334,5.002840519,5.108316422,4.974794388,5.164495945,5.061329842,5.193763256,5.107751846
Cc1ccccc1C(C(=O)NC1CCCCC1)N(C(=O)Cn1ccnc1C)c1cccc(F)c1,-7.4,-7.4,-7.1,-7.0,-7.0,-6.9,-6.9,-6.9,-6.9,-6.8,CHEMBL2180727,0.0,5.27615118,5.129833698,5.123733044,5.17098856,5.082163334,5.161098003,5.227699757,5.048924923,5.174632072,5.232634544
N#CCSc1nnc(-c2cccc(S(=O)(=O)N3CCOCC3)c2)n1Cc1ccc2c(c1)OCO2,-7.9,-7.9,-7.8,-7.8,-7.7,-7.5,-7.4,-7.4,-7.4,-7.4,11748279,0.0,4.558090687,4.809694767,4.946036339,4.938930511,5.020499229,4.55809164,4.982672215,4.562310219,4.529407978,4.9052248
COc1cc(C(=O)NCC2(N(C)C)CCCC2)cc(OC)c1OCc1ccccc1,-6.8,-6.7,-6.7,-6.7,-6.5,-6.5,-6.5,-6.5,-6.5,-6.4,ZINC591392,0.0,5.051133633,4.967264175,5.040944576,5.016895294,5.012567997,5.085283279,4.992702484,4.95804739,5.08507967,5.073784351
COc1ccc(C(=O)N2CCCN(Cc3ccccc3)CC2)cc1S(=O)(=O)Nc1ccc(C)cc1,-8.6,-8.3,-8.2,-8.2,-8.2,-8.1,-8.1,-8.0,-8.0,-8.0,Z192585478,0.0,5.350726128,5.064173698,5.120244026,5.180576324,5.229385853,5.124275684,5.225114346,5.301983833,5.152918816,5.12551403
Cc1ccccc1CC(=O)Nc1cc(S(=O)(=O)N2CCOCC2)ccc1N1CCOCC1,-8.5,-8.2,-8.1,-8.0,-7.9,-7.9,-7.9,-7.8,-7.8,-7.7,Z52003417,0.0,4.625626564,4.510623455,4.682835102,4.70273304,5.051303864,4.970209599,5.120736599,4.822394371,5.124424934,4.934531689
CCOC(=O)c1ccc(N)cc1,-4.8,-4.8,-4.8,-4.8,-4.5,-4.4,-4.4,-4.4,-4.4,-4.3,CHEMBL278172,0.0,4.492192268,4.507674217,4.541957378,4.524891376,4.501298428,4.601558685,4.769837856,4.493192196,4.727120876,4.596747398
Cc1ccc(NC(=O)CN(C)C(=O)CSc2nnc(-c3ccccc3)c(-c3ccccc3)n2)cc1,-8.1,-8.1,-8.0,-7.8,-7.7,-7.7,-7.6,-7.6,-7.5,-7.4,Z19221988,0.0,5.127665043,5.19135952,5.256002903,5.25163269,5.041578293,5.11663866,5.190701962,5.102774143,5.164563656,5.095954895
CCOc1ccc(N(CC(=O)Nc2c(CC)cccc2CC)S(=O)(=O)c2ccc(OC)c(OC)c2)cc1,-7.3,-7.3,-7.2,-7.2,-7.0,-6.9,-6.9,-6.9,-6.8,-6.8,1731220,0.0,5.234081745,5.192898273,5.234380245,5.195445061,5.248270512,5.206915855,5.148956776,5.250443459,5.224986076,5.116054058
OC[C@H]1O[C@@H](O)[C@H](O)[C@@H](O)[C@@H]1O,-5.1,-5.1,-5.0,-4.9,-4.9,-4.9,-4.9,-4.8,-4.8,-4.8,CHEMBL1614854,0.0,5.131834507,5.136074543,4.949275494,5.009850979,4.949823856,5.045613289,4.939856529,5.048430443,5.08870554,4.871642113
CCCCNC(=O)NS(=O)(=O)c1ccc(C)cc1,-6.1,-6.1,-6.0,-5.8,-5.7,-5.6,-5.6,-5.6,-5.6,-5.6,ZINC1530703,0.0,4.17505312,4.222245216,4.454923153,4.437787533,4.471489906,4.331682205,4.267699718,4.493786812,4.421963215,4.339212894
N#Cc1ccc(Cn2cncc2CN2CCN(c3cccc(Cl)c3)C(=O)C2)cc1,-7.4,-7.2,-7.2,-7.0,-7.0,-6.9,-6.8,-6.8,-6.8,-6.7,CHEMBL279433,0.0,4.939305305,4.933525562,4.870037556,4.897257328,4.906193733,4.926779747,4.953586578,5.028100014,5.054739952,5.08851862
O=C(Nc1ccc(N(Cc2ccsc2)C(=O)Cn2nnc3ccccc32)cc1)C1CC1,-7.5,-7.4,-7.3,-7.2,-7.1,-7.1,-7.0,-7.0,-6.8,-6.8,CHEMBL2442081,0.0,5.117308617,5.101668358,5.197994232,5.072728634,5.019285202,5.154530048,5.085646629,4.976462841,5.190225601,5.117441654
CC(NCc1ccc(OCc2cccc(F)c2)cc1)C(N)=O,-6.8,-6.8,-6.7,-6.6,-6.5,-6.4,-6.4,-6.3,-6.2,-6.2,CHEMBL287445,0.0,4.940775871,5.015162945,4.986517429,4.900873661,4.68067503,5.115617275,4.743687153,4.782492161,5.049779892,4.908113956
Cn1ncc(NS(=O)(=O)c2cccc3c2OCCCO3)c1C(=O)O,-7.7,-7.5,-7.5,-7.3,-7.3,-7.2,-7.2,-7.2,-7.2,-7.2,Z2475280435,0.0,4.410240173,4.399895191,4.388530254,4.283055782,4.567952156,4.398014069,4.41006422,4.523188591,4.391298771,4.373711586
CN(C)S(=O)(=O)c1ccc(N2CCOCC2)c(C(=O)Nc2cc3c(cc2Cl)OCCO3)c1,-7.8,-7.5,-7.5,-7.1,-7.0,-7.0,-6.9,-6.8,-6.8,-6.8,24981383,0.0,4.962225437,5.136888981,5.124008179,5.152397156,5.237970829,5.100670338,5.085811138,4.864836216,4.921238422,5.175277233
Nc1ccccc1NC(=O)c1ccc(CNc2nccc(-c3cccnc3)n2)cc1,-7.8,-7.7,-7.7,-7.6,-7.6,-7.5,-7.3,-7.3,-7.3,-7.2,ZINC13986811,0.0,5.196779251,5.238351345,4.997770786,5.004584312,5.020380497,5.039136887,5.033978462,4.977489948,5.127865314,4.953383446
O=C(Nc1cccc(C(F)(F)F)c1)Nc1ccc(Br)cc1-c1nnn[nH]1,-8.6,-8.4,-8.2,-8.1,-8.1,-8.0,-7.8,-7.8,-7.7,-7.6,ZINC34046932,0.0,4.988550186,5.119011402,5.136521816,5.142554283,5.048953533,4.919048786,5.021695137,4.987851143,5.072952271,4.723958492
Cc1cc(C(=O)NNCc2ccccc2)no1,-6.7,-6.7,-6.3,-6.3,-6.2,-6.2,-6.2,-6.1,-6.1,-6.0,ZINC1587,0.0,4.797708035,4.381697655,4.398125648,4.580816269,4.635342121,4.428139687,4.444320679,4.629011154,4.486116886,4.44593811
Cc1cccc(C)c1NC(=O)CN1CCCC1=O,-6.1,-6.1,-6.0,-6.0,-6.0,-5.8,-5.8,-5.8,-5.8,-5.7,ZINC3788,0.0,5.161965847,4.63049078,4.598349094,4.649334431,4.870875359,4.531991005,4.71036911,4.710976601,4.997462749,5.002682686
CC1(NC(=O)c2ccc(C#Cc3cccc(F)c3)cn2)COC1,-6.5,-6.5,-6.5,-6.4,-6.4,-6.4,-6.4,-6.3,-6.3,-6.2,ZINC96284926,0.0,4.914597034,4.79850626,4.992355347,4.815340042,4.978873253,4.977525711,4.833396912,4.913588524,4.794451714,4.948601246
Cc1ccc2nc(-c3ccccc3)cc(C(=O)N3CCN(CC(=O)N4CCCC4)CC3)c2c1,-8.3,-8.2,-7.9,-7.8,-7.7,-7.6,-7.6,-7.6,-7.6,-7.6,Z67740692,0.0,5.425004959,5.167343616,5.026412487,5.200118542,5.122729301,5.110040665,5.030102253,5.402759552,5.043015003,5.203947544
O=C(CCNNC(=O)c1ccncc1)NCc1ccccc1,-6.6,-6.6,-6.5,-6.5,-6.5,-6.4,-6.3,-6.3,-6.2,-6.0,CHEMBL1256841,0.0,4.78190279,4.689347744,5.015762806,4.619436741,4.664620399,4.990873814,4.98596096,4.779561043,4.571706772,4.977139473
Br.NC(=O)C(c1ccccc1)(c1ccccc1)[C@@H]1CCN(CCc2ccc3c(c2)CCO3)C1,-7.3,-7.2,-7.2,-7.1,-7.0,-7.0,-7.0,-6.9,-6.9,-6.9,CHEMBL1200935,0.0,5.223239899,5.075088978,5.202192783,5.205376148,5.061459541,5.25535965,5.073296547,5.126694202,5.111713886,5.165005207
O=C1c2ccccc2C(=O)c2ccccc21,-6.3,-6.2,-6.2,-6.2,-6.2,-6.2,-6.2,-6.2,-6.1,-6.1,CHEMBL55659,0.0,4.890936852,4.885644913,4.893159389,4.793823719,4.870147228,4.808898449,4.790712357,4.8198452,4.91272974,4.678882599
CN1Cc2c(N)cccc2C(c2ccccc2)C1,-6.0,-5.9,-5.8,-5.8,-5.7,-5.7,-5.7,-5.7,-5.7,-5.7,CHEMBL273575,0.0,4.860161781,4.88299942,4.758951664,4.913839817,4.932246208,4.717384338,4.671332359,4.710590839,4.792963982,4.849924564
CCCCC/C=C\C/C=C\CCCCCCCC(=O)NC(C)c1ccccc1,-5.6,-5.5,-5.5,-5.3,-5.3,-5.3,-5.2,-5.2,-5.2,-5.2,CHEMBL64379,0.0,5.158619881,5.171288967,4.981094837,5.037656784,4.991400719,5.38973999,5.011843681,4.985738277,5.026204109,5.078765392
Cn1c(CNC(=O)CCn2c(=O)oc3cc(S(=O)(=O)N4CCCC4)ccc32)nc2ccccc21,-8.9,-8.7,-8.6,-8.3,-8.0,-8.0,-7.7,-7.6,-7.5,-7.5,Z146104972,0.0,5.406489372,5.137527466,5.276824951,5.328799248,5.279940605,5.198480129,5.181243896,4.961175442,5.024283886,4.768766403
COc1cc(NC(=O)c2ccc(-c3ccc(Cl)cc3)o2)cc(OC)c1,-7.0,-6.9,-6.9,-6.8,-6.8,-6.8,-6.7,-6.7,-6.7,-6.6,ZINC14982453,0.0,4.980632305,4.90611887,4.967617512,4.942513943,4.990940094,5.075633049,5.074816227,5.023322105,5.006686687,4.976067543
O=C(O)c1ccc(CN2CCC(CN[C@@H]3C[C@H]3c3ccccc3)CC2)cc1,-7.1,-7.1,-7.1,-7.1,-7.0,-7.0,-6.9,-6.9,-6.8,-6.8,ZINC147144800,0.0,4.870969772,5.046241283,4.868035316,5.014098167,5.067415237,5.014973164,4.943800449,4.978713036,5.183291435,4.945674419
CCCCc1cc2c(=O)c(C(=O)OC)c[nH]c2cc1OCc1ccccc1,-7.3,-7.0,-7.0,-7.0,-6.9,-6.9,-6.9,-6.8,-6.8,-6.8,CHEMBL2104807,0.0,4.98931551,4.966417789,5.062554359,4.942800522,5.023188591,4.916553974,4.972268105,5.085799694,5.129786015,5.077951431
C/C=C/C(=O)N(CC)c1ccccc1C,-5.1,-4.9,-4.7,-4.7,-4.7,-4.6,-4.6,-4.5,-4.5,-4.5,CHEMBL1200709,0.0,4.658851624,4.668176651,4.641909122,4.52401495,4.59832859,4.750157833,4.636777878,4.9349823,4.908287525,4.64428854
NS(=O)(=O)c1cc(C(=O)O)c(NCc2ccco2)cc1Cl,-6.8,-6.6,-6.5,-6.5,-6.5,-6.4,-6.2,-6.2,-6.2,-6.2,ZINC35804,0.0,4.995386124,4.845542431,4.889631271,5.041068077,4.799745083,4.928467274,4.940551281,4.908052921,5.046232224,4.948885441
C[S+](=O)([O-])N(Cc1ccco1)CC(O)Cn1c2ccccc2c2ccccc21,-7.6,-7.5,-7.4,-7.3,-7.3,-7.3,-7.3,-7.3,-7.2,-7.2,CHEMBL1498001,0.0,4.746821404,4.863585949,5.056466579,5.051510334,5.128702641,4.843589306,4.817870617,4.938719273,4.903270245,5.149746418
N#C[C@@H]1C[C@H](F)CN1C(=O)CN[C@H]1[C@@H]2CN(C(=O)c3ccc(F)cc3)C[C@@H]21,-7.7,-7.6,-7.4,-7.3,-7.3,-7.2,-7.2,-7.2,-7.2,-7.1,ZINC101772465,0.0,4.949066162,5.079920769,4.998452663,4.949298382,5.026605606,4.960192204,4.975606441,4.857392311,5.003461838,5.008951187
O=C(Nc1ccc(Cl)cc1F)c1ccccc1O,-7.0,-6.8,-6.6,-6.5,-6.3,-6.3,-6.3,-6.3,-6.1,-6.1,CHEMBL3335183,0.0,4.844512939,4.571444511,4.577200413,4.721021652,4.677535057,4.855190754,4.860390186,4.881326675,4.720957756,4.689394474
Cl.O=c1n(CCCN2CCN(c3cccc(Cl)c3)CC2)nc2ccccn12,-5.4,-5.4,-5.3,-5.1,-5.1,-5.1,-5.1,-5.0,-5.0,-5.0,CHEMBL1200798,0.0,4.660830021,4.440910816,4.771836281,4.55620718,4.581074238,4.685783386,4.625038147,4.730640888,4.715078831,4.668439388
CN(C)CCN(Cc1cccs1)c1ccccn1.Cl,-4.1,-4.0,-3.9,-3.8,-3.7,-3.6,-3.6,-3.4,-3.4,-3.4,CHEMBL1255739,0.0,5.131793022,4.228434563,4.969876289,4.229228973,5.139143467,4.991829395,5.056865692,4.885639668,5.050897121,5.207461834
O=C(NCCN1CCOCC1)c1ccc(Cl)cc1,-6.0,-5.9,-5.9,-5.9,-5.9,-5.8,-5.8,-5.8,-5.7,-5.7,CHEMBL86304,0.0,4.772945404,4.683571815,4.681238174,4.681238174,4.483176231,4.803818226,4.798699856,4.36790514,4.584520817,4.765777588
COc1ccc(CCN2CCN(CCCc3ccccc3)CC2)cc1OC,-6.5,-6.3,-6.3,-6.3,-6.2,-6.2,-6.2,-6.1,-6.1,-6.1,CHEMBL408867,0.0,5.006736279,4.925897598,4.96378231,5.037336826,4.930400848,5.093031406,5.127905846,5.092732906,4.948117256,5.084339619
Clc1ccc(Cn2c(CN3CCCC3)nc3ccccc32)cc1,-7.2,-7.1,-6.9,-6.7,-6.7,-6.6,-6.5,-6.5,-6.5,-6.4,CHEMBL1407943,0.0,4.826200008,4.933816433,4.907546043,5.007492065,4.799776077,4.830636501,4.689038754,5.105542183,4.826733112,5.1028862
O=C(CCN1CCN(C(=O)OCc2cc(Cl)cc(Cl)c2)CC1)c1ccc2[nH]c(=O)oc2c1,-8.3,-8.3,-8.2,-8.1,-8.1,-8.1,-8.1,-8.0,-7.9,-7.8,ZINC59263715,0.0,5.087656975,5.154937267,5.174707413,5.183301449,5.121781349,5.178552151,5.101528645,5.127118111,5.088332653,5.096000671
CC(C)(C)Oc1ccc(OCC2Cc3ccccc3CN2C(=O)c2cccc3ccccc23)cc1,-8.0,-7.9,-7.9,-7.7,-7.6,-7.5,-7.5,-7.4,-7.4,-7.3,CHEMBL2030075,0.0,5.194554329,5.322092533,5.249896526,5.272931099,5.306969643,5.159538746,5.219564438,5.159796238,5.284848213,5.159429073
CC(=O)N1CCN(c2ccc(NC(=O)Cc3cnc(-c4ccnc(F)c4)c(C)c3)nc2)CC1,-8.4,-8.4,-8.3,-8.2,-8.1,-8.0,-8.0,-7.9,-7.9,-7.9,ZINC116933276,0.0,5.074293137,5.113060474,5.15471983,5.090761185,5.114714622,5.128719807,5.098770142,5.15816927,5.122950554,5.000496864
Cc1cccc(NC(=O)NC2N=C(c3ccccc3)c3ccccc3N(CC(=O)c3ccccc3C)C2=O)c1,-8.6,-8.2,-8.1,-8.1,-8.1,-7.8,-7.7,-7.7,-7.6,-7.5,CHEMBL345686,0.0,5.467464924,5.492061138,5.407519341,5.396223068,5.185102463,5.13133049,5.340625286,5.193181515,5.382368565,5.437476635
CN1CCN(C(=O)O[C@H]2c3nccnc3C(=O)N2c2ccc(Cl)cn2)CC1,-7.4,-7.0,-7.0,-7.0,-7.0,-7.0,-6.9,-6.9,-6.9,-6.8,ZINC19632834,0.0,4.304346085,4.321947098,4.244380951,4.448115826,4.312344074,4.49985075,4.519603252,4.308588505,4.304644108,4.494407654
COc1ccc(CCN(C)CCc2ccc(OC)c(OC)c2)cc1OC,-6.2,-5.8,-5.8,-5.7,-5.7,-5.7,-5.7,-5.6,-5.6,-5.6,CHEMBL1329438,0.0,4.956023693,5.081118107,4.987048149,5.011450768,5.003524303,4.888725281,4.988143444,5.02814436,4.935137272,5.057300091
COC(=O)c1ccccc1O,-4.7,-4.6,-4.5,-4.5,-4.5,-4.3,-4.3,-4.3,-4.3,-4.3,ZINC490,0.0,4.569233894,5.118714333,4.770973682,4.87483263,4.956176758,5.084999084,4.619075775,4.861596107,4.972054005,5.156153679
COc1ccc(C(CNC(=O)c2nn(Cc3ccccc3)c(=O)c3ccccc23)N2CCCCC2)cc1,-8.2,-8.0,-7.9,-7.8,-7.8,-7.6,-7.6,-7.6,-7.6,-7.5,Z27179223,0.0,5.397291183,5.304726124,5.281449795,5.263684273,5.27849865,5.240014076,5.309634209,5.153841019,5.369389534,5.304280281
O=C(Cn1nnc(-c2ccccc2)n1)Nc1cc(S(=O)(=O)N2CCOCC2)ccc1N1CCCC1,-7.6,-7.5,-7.4,-7.4,-7.3,-7.1,-7.0,-7.0,-6.9,-6.9,Z16422741,0.0,4.334849834,4.559784889,4.446682453,4.48004961,4.345655918,4.424174786,4.414853573,4.588235855,4.418456554,4.46718502
CC(C)(C)NC(=O)[C@@H]1CN(Cc2cccnc2)CCN1C[C@@H](O)C[C@@H](Cc1ccccc1)C(=O)N[C@H]1c2ccccc2C[C@H]1O,-7.3,-6.9,-6.8,-6.8,-6.7,-6.7,-6.6,-6.6,-6.6,-6.6,ZINC22448696,0.0,5.094913006,5.019614697,5.130589485,5.011865139,5.072704315,5.099442482,5.051381111,5.068526268,5.074746132,5.017873764
O=C(O)c1ccnc(-c2cc(C(=O)NCCc3ccccc3)ccn2)c1,-7.9,-7.8,-7.7,-7.7,-7.7,-7.6,-7.5,-7.5,-7.4,-7.4,CHEMBL2169917,0.0,4.846060753,5.021126747,5.08445406,4.932554245,5.142920971,4.974078178,4.956471443,5.142553329,4.985389709,4.918818951
CCN(CC)C(=O)C(c1ccccc1)N1CCN(c2ccc(NC(=O)c3ccccc3-c3cccnc3)cc2F)CC1,-7.6,-6.8,-6.7,-6.6,-6.6,-6.6,-6.4,-6.4,-6.3,-6.3,CHEMBL1823342,0.0,5.345747471,5.215164185,5.271237373,5.488527298,5.250516415,5.257514,5.272403717,5.28627491,5.328102112,5.183312893
C[C@H](NCc1ccc(OCc2cccc(F)c2)cc1)C(N)=O,-6.7,-6.6,-6.4,-6.4,-6.4,-6.3,-6.3,-6.3,-6.3,-6.2,CHEMBL48582,0.0,5.019741058,4.76764679,5.016639709,5.091397285,5.112783909,4.765704632,4.813929558,5.070589542,4.863142014,4.745038986
CN1CCc2cc(NC(=O)Nc3cccnc3)ccc21,-6.8,-6.7,-6.7,-6.7,-6.6,-6.6,-6.5,-6.5,-6.5,-6.5,CHEMBL1456087,0.0,4.883522987,4.866368294,4.639009953,4.921375275,4.875905514,4.936234474,4.7220397,4.710427761,4.883369446,4.894026756
CNC1CCC(N(Cc2cccc(-c3ccncc3)c2)C(=O)c2sc3ccccc3c2Cl)CC1,-7.7,-7.6,-7.5,-7.4,-7.3,-7.3,-7.3,-7.3,-7.1,-6.9,CHEMBL2160033,0.0,5.175911903,5.243177891,5.166080475,5.236454487,5.345517635,5.138947964,5.06834507,5.419056416,5.219159126,5.193096161
O=C(O)CCCCCCNC1c2ccccc2CCc2ccccc21,-6.3,-6.2,-6.2,-6.2,-6.1,-6.0,-6.0,-6.0,-5.9,-5.9,ZINC2001740,0.0,4.968905449,5.007889748,5.067803383,4.997636795,5.048474789,4.87913084,5.324666977,4.92385149,5.049755096,5.130624771
CC(=O)NCCc1c[nH]c2ccccc12,-6.1,-5.9,-5.7,-5.5,-5.5,-5.5,-5.3,-5.3,-5.3,-5.3,ZINC174849,0.0,4.957213879,4.791093826,4.806696415,4.794303894,4.851700783,4.928016186,4.52837801,4.863407612,4.58202219,5.07816267
COc1ccc(Cc2ccc(NC(N)=O)cc2)cc1-c1cccc(Cl)c1,-7.0,-7.0,-7.0,-7.0,-6.9,-6.8,-6.7,-6.7,-6.7,-6.6,CHEMBL3184687,0.0,4.941708565,4.930303097,4.934451103,4.941163063,4.882807732,4.910896778,4.946654797,4.958284378,5.001422882,4.995647907
O=C(Cc1c(F)cccc1F)Nc1cc(OCc2ccc(Cl)cc2)ccn1,-7.6,-7.5,-7.2,-7.2,-7.1,-7.0,-7.0,-6.9,-6.9,-6.9,CHEMBL2337808,0.0,5.049576283,4.846050262,4.836951256,4.972928047,4.979513645,4.850393295,4.952730656,4.965938091,4.890481949,5.068420887
Cc1nc(CCC(=O)NCC[NH+]2CCC3(CCCCCc4ccccc4OCCNC3=O)CC2)cc(C2CCN(S(C)(=O)=O)CC2)n1,-8.7,-8.6,-8.6,-8.6,-8.4,-8.4,-8.3,-8.3,-8.2,-8.2,171822134,0.0,5.074724197,5.077831745,5.149909496,5.097070694,5.231440544,5.164590359,5.02530098,5.07618618,5.071940899,5.099121571
CN(C/C=C/c1ccccc1)Cc1cccc2ccccc12.Cl,-6.6,-6.6,-6.6,-6.6,-6.6,-6.6,-6.5,-6.5,-6.3,-6.3,CHEMBL1200493,0.0,4.745733738,4.975681782,5.061133862,5.062116146,4.994885921,4.99649477,4.951582432,4.736701488,4.749680042,4.738782406
CN(C(=O)C(Cl)Cl)c1ccc(OC(=O)c2ccco2)cc1,-6.2,-6.1,-6.0,-6.0,-5.9,-5.9,-5.8,-5.8,-5.8,-5.8,CHEMBL1334860,0.0,4.68869257,4.839616299,4.942162514,4.796784401,4.70441246,4.928740501,4.919652939,4.956499577,5.014059544,4.616034508
CC(C)C[C@H](NC(=O)[C@@H]1O[C@H]1C(=O)O)C(=O)NCCCCNC(=N)N,-6.7,-6.7,-6.7,-6.6,-6.6,-6.5,-6.5,-6.4,-6.3,-6.3,CHEMBL1458713,0.0,4.314502716,4.351307392,4.174702168,4.2854352,4.318268299,4.314714909,4.252087116,4.616063118,4.311640739,4.552499771
c1ccc(C(NCc2cccnc2)(c2ccccc2)c2ccccc2)cc1,-6.9,-6.8,-6.8,-6.8,-6.8,-6.8,-6.7,-6.7,-6.7,-6.7,CHEMBL1441661,0.0,4.981480122,4.987267971,4.980257034,4.989106655,5.155002594,5.012022018,5.172377586,5.003543377,5.047234535,4.959566593
COc1cccc(CNC(=O)c2cccc(Nc3cc(C)nc4nc(-c5cccnc5)nn34)c2)c1,-8.7,-8.1,-8.1,-8.1,-8.1,-8.0,-8.0,-7.9,-7.9,-7.8,32494230,0.0,5.164868832,5.184352398,5.270740032,5.292762756,5.107802868,5.122805595,5.097918987,5.16623497,5.434213638,5.205190659
CC(=O)N(CC(=O)N(C)C)c1ccccc1,-5.5,-5.4,-5.3,-5.3,-5.2,-5.2,-5.1,-5.1,-5.1,-5.0,CHEMBL3184273,0.0,4.708154202,4.663658142,4.644761562,4.532186031,4.961319447,4.964818954,4.699235916,4.869810581,4.981128216,4.698144913
C[N+]1(C)C2CCC1CC(OC(=O)c1c[nH]c3ccccc13)C2,-7.1,-7.0,-6.9,-6.8,-6.7,-6.6,-6.6,-6.6,-6.5,-6.5,CHEMBL111583,0.0,5.090655804,5.014650822,4.810381413,4.825255871,4.992529869,5.043292046,4.77733326,5.112500668,4.967302799,4.805796146
O=C(NCc1cccc(O)c1)Nc1nc(-c2ccncc2)cs1,-7.4,-7.1,-7.0,-7.0,-7.0,-7.0,-6.9,-6.9,-6.9,-6.9,CHEMBL3218011,0.0,4.979960442,4.687936306,4.734113693,4.750817776,4.941802502,5.012633801,4.768737316,5.023870468,4.808053017,4.798986912
CN[C@@H]1C[C@@H](c2ccc(Cl)c(Cl)c2)c2ccccc21,-6.5,-6.5,-6.4,-6.3,-6.2,-6.2,-6.1,-6.1,-6.1,-6.0,ZINC3872906,0.0,5.023852348,4.983686447,4.813083649,5.035826683,4.885853767,4.795173645,4.918765068,4.786811829,4.807670116,4.807291508
O=C(O)Cc1ccccc1,-4.5,-4.5,-4.5,-4.5,-4.3,-4.3,-4.3,-4.3,-4.2,-4.2,ZINC388462,0.0,4.682977676,4.237662315,4.294341087,4.78653574,4.76094389,5.185037136,4.272380352,5.069404125,4.446806908,5.164764404
CCOC(=O)COc1ccc2c(c1)C[C@@H](NC[C@H](O)c1cccc(Cl)c1)CC2,-7.0,-6.9,-6.9,-6.9,-6.9,-6.9,-6.8,-6.8,-6.8,-6.8,ZINC3797401,0.0,5.039908886,5.111546993,5.160499573,5.109954357,5.142791748,5.0327878,5.095376015,5.07867384,5.023209095,5.004940987
N#C/C(=C\c1ccc(-c2cc(Cl)ccc2Cl)o1)C(=O)Nc1cccc2ncccc12,-7.3,-7.2,-7.2,-7.2,-7.1,-7.1,-7.0,-7.0,-7.0,-7.0,ZINC943071,0.0,5.06047821,5.022839069,4.992922783,5.10004425,4.959602356,5.054127216,5.143856049,5.056819439,5.070050716,5.175866127
COc1ccccc1N1CCN(CCCCN2C(=O)c3ccccc3C2=O)CC1,-6.6,-6.6,-6.5,-6.5,-6.4,-6.4,-6.4,-6.3,-6.3,-6.2,ZINC1537496,0.0,5.182235718,5.148697376,5.182577133,5.126411438,5.251409531,5.266462803,5.118300438,5.035260677,5.269006729,5.15217495
